id,名称,开始,结束,UP角色
95,"特选扭蛋","2011-10-12 12:00:00","2011-10-19 11:59:59","奥莉维尔(暗5★64%)，卡菈(暗5★64%)，奥薇尔(光5★64%)，菊野(火5★64%)"
97,"新角色特选扭蛋","2011-10-26 12:00:00","2011-10-31 11:59:59","莉菈(光5★68%)，拉芙(暗5★68%)，米尔米娜(风4★158%)，拉纳(水4★158%)"
98,"新角色特选扭蛋","2011-10-31 12:00:00","2011-11-11 11:59:59","见岛勇希(水5★68%)，伊野里翔太(暗5★68%)，绯河凛音(火4★158%)，鹰森诚司(水4★158%)"
99,"新角色特选扭蛋","2011-11-11 12:00:00","2011-11-19 11:59:59","千岳十织(雷5★490%)，琉农(火5★490%)，芙拉克西斯(水5★490%)，影丘龙一(暗4★9%)"
100101,"新角色特选扭蛋","2011-11-27 12:00:00","2011-12-10 11:59:59","玛丽娜(火5★73%)，珂艾特(暗5★73%)，紫苑(暗4★82%)"
103,"新角色特选扭蛋","2011-12-10 12:00:00","2011-12-17 11:59:59","白(雷5★73%)，赛法(水5★73%)，皮西卡(火4★82%)"
104,"新角色特选扭蛋","2011-12-17 12:00:00","2011-12-24 11:59:59","芙拉菲(风5★73%)，雷拉斯(水5★73%)，菲勒斯(光4★83%)"
61,"开服纪念扭蛋","2011-12-24 12:00:00","2021-11-04 11:59:59",""
105,"复刻角色特选扭蛋","2011-12-24 12:00:00","2011-12-31 11:59:59","阿露姆(暗5★73%)，碧安卡(火5★73%)，特蕾涅(火4★166%)，阿德尼(雷4★166%)，梅利露(暗3★73%)"
1,"开服纪念扭蛋","2017-02-05 15:00:00","2020-01-27 11:59:59",""
2,"最低★4必得扭蛋！","2017-02-05 15:00:00","2199-12-31 23:59:59",""
3,"装备扭蛋","2017-02-05 15:00:00","2020-01-27 11:59:59",""
4,"★5必得扭蛋","2017-02-05 15:00:00","2199-12-31 23:59:59",""
900000,"奖励扭蛋","2017-02-05 15:00:00","2023-12-31 11:59:59",""
5,"崩坏域攻略特选扭蛋","2019-12-09 12:00:00","2019-12-16 11:59:59","索妮雅(水5★13%)，菲莉亚(风5★13%)，花火(火4★50%)，拉姆斯(雷4★50%)"
6,"圣夜祭特选扭蛋","2019-12-16 12:00:00","2019-12-31 11:59:59","玛丽安(火5★105%)，稻穗(光5★105%)，宗士郎(雷5★105%)，欧雷欧(雷4★18%)，卡农(火4★18%)，芙拉(雷3★49%)"
7,"黑雷荒龙特选扭蛋","2019-12-26 12:00:00","2020-01-03 11:59:59","雷恩(风5★13%)，希尔媞(风5★13%)，梅露希儿(风4★52%)，赫尔加(风4★52%)"
8,"恭贺新年特选扭蛋","2019-12-31 12:00:00","2020-01-31 11:59:59","诺埃妮(火5★5%)，艾莉亚(水5★5%)，蕾贝卡(风4★476%)，璐璐卡(火4★476%)，尤维尔(暗4★476%)，加萝(光3★50%)"
9,"2020年福袋扭蛋","2019-12-31 12:00:00","2199-12-31 23:59:59","诺埃妮(火5★5%)，艾莉亚(水5★5%)，蕾贝卡(风4★476%)，璐璐卡(火4★476%)，尤维尔(暗4★476%)，加萝(光3★50%)"
101,"2022新春福袋扭蛋","2019-12-31 12:00:00","2199-12-31 23:59:59","诺埃妮(火5★24%)，艾莉亚(水5★24%)，蕾贝卡(风4★476%)，璐璐卡(火4★476%)，尤维尔(暗4★476%)，加萝(光3★558%)"
1600,"十一黄金周特别扭蛋","2019-12-31 12:00:00","2199-12-31 23:59:59","雷吉斯(雷5★132%)，薇薇(水4★38%)，梅克(光4★38%)，莉莉安(火3★65%)"
9090,"恭贺新年特选扭蛋","2019-12-31 12:00:00","2020-01-15 11:59:59","诺埃妮(火5★5%)，艾莉亚(水5★5%)，蕾贝卡(风4★476%)，璐璐卡(火4★476%)，尤维尔(暗4★476%)，加萝(光3★50%)"
10,"新角色特选扭蛋","2020-01-15 12:00:00","2020-01-31 11:59:59","赛法(水5★5%)，莫弥亚(暗5★5%)，阿德尼(雷4★28%)，凯特(风3★51%)"
12,"特选扭蛋","2020-01-23 12:00:00","2020-01-31 11:59:59","索妮雅(水5★48%)，莉洁儿(水4★18%)，爱丽丝(水4★18%)，法夫(水3★51%)"
5000,"装备扭蛋","2020-01-27 12:00:00","2020-02-05 11:59:59","?(??★180%)，?(??★140%)，?(??★200%)"
11,"新角色特选扭蛋","2020-01-31 12:00:00","2020-02-15 11:59:59","菊野(火5★170%)，梅媞斯(雷5★170%)，露(风4★580%)，蕾维(火4★580%)，可兰(火3★520%)"
800000,"スターヒーローズガチャ","2020-01-31 12:00:00","2020-02-05 11:59:59",""
13,"女性角色特选扭蛋","2020-02-05 12:00:00","2020-02-15 11:59:59","奈芙提姆(光5★1200%)，克拉莉丝(火5★1200%)，碧安卡(火4★1989%)，夏·丝丝(雷3★1302%)"
5001,"装备扭蛋","2020-02-05 12:00:00","2020-04-07 11:59:59",""
14,"新角色特选扭蛋","2020-02-15 12:00:00","2020-02-29 11:59:59","希丽奴(水5★180%)，西微(风5★180%)，萨尔(水4★744%)，诺塞尔(暗3★530%)"
16,"雷属性特选扭蛋","2020-02-21 12:00:00","2020-02-29 11:59:59","梅媞斯(雷5★545%)，稻穗(雷5★545%)，卡莉奥丝特罗(雷5★545%)，阿德尼(雷4★43466%)，拉姆斯(雷4★43466%)，露娜露(雷4★43466%)，雷吉斯(雷4★43466%)，艾琳诺儿(雷4★43466%)，米诺(雷4★43466%)，芙拉(雷3★132%)，优娜(雷3★132%)，赫妮(雷3★132%)，泰加(雷3★132%)，黑(雷3★132%)，阿尔伯特(雷3★132%)，加津知(雷3★132%)，泰奇安娜(雷3★132%)，科特(雷3★132%)，夏·丝丝(雷3★132%)"
17,"新角色特选扭蛋","2020-02-29 12:00:00","2020-03-05 11:59:59","罗尔夫(火5★20%)，巴拉克(雷5★20%)，凉风(风4★64%)，伊路米(光4★64%)"
18,"暗属性特选扭蛋","2020-03-05 12:00:00","2020-03-13 11:59:59","莫弥亚(暗5★423%)，贝尔赛蒂亚(暗5★423%)，威隆(暗5★423%)，玛丽安(暗4★758%)，安迪(暗4★758%)，里昂(暗4★758%)，诺塞尔(暗3★23%)，法露伽(暗3★23%)，札里尔(暗3★23%)，厄莉(暗3★23%)，紫苑(暗3★23%)，阿迪尔(暗3★23%)，桃乐西亚(暗3★23%)，蕾贝卡(暗3★23%)"
19,"新角色特选扭蛋","2020-03-13 12:00:00","2020-03-19 11:59:59","贝瑞塔(光5★22%)，塔吉斯(光5★22%)，霍普(光4★68%)，莫迪亚迦(水4★68%)"
20,"光属性特选扭蛋","2020-03-19 12:00:00","2020-03-31 11:59:59","贝瑞塔(光5★38%)，塔吉斯(光5★38%)，奈芙提姆(光5★38%)，拉杰尔特(光5★38%)，艾可莉儿(光5★38%)，霍普(光4★837%)，伊路米(光4★837%)，杰拉尔(光4★837%)，艾莉亚(光4★837%)，芬(光4★837%)，绮拉(光4★837%)，加萝(光3★23%)，可莉娜(光3★23%)，玛格丽特(光3★23%)，赛希莉亚(光3★23%)，欧雷欧(光3★23%)，劳尔(光3★23%)，米雷斯(光3★23%)，璐璐卡(光3★23%)"
21,"新角色特选扭蛋","2020-03-31 12:00:00","2020-04-07 11:59:59","卡菈(暗5★24%)，里姆尼斯(水5★24%)，露迪(雷4★72%)，莱亚(光4★72%)，梅利露(暗3★540%)"
22,"世界弹射物语扭蛋","2020-04-07 12:00:00","2020-04-15 11:59:59",""
5002,"装备特选扭蛋","2020-04-07 12:00:00","2020-04-15 11:59:59","?(??★3%)，?(??★150%)，?(??★42%)"
23,"新角色特选扭蛋","2020-04-15 12:00:00","2020-04-22 11:59:59","米格里(风5★26%)，菊野(火5★26%)，芙洛丽塔(光4★76%)，小羽(风4★76%)，克菈菈(水3★550%)"
5003,"装备扭蛋","2020-04-15 12:00:00","2020-05-11 11:59:59",""
24,"风属性特选扭蛋","2020-04-22 12:00:00","2020-04-30 11:59:59","米格里(风5★307%)，西微(风5★307%)，菲莉亚(风5★307%)，雷恩(风5★307%)，希尔媞(风5★307%)，凉风(风4★56%)，露(风4★56%)，米娅(风4★56%)，奥罗尔(风4★56%)，宗士郎(风4★56%)，梅露希儿(风4★56%)，赫尔加(风4★56%)，凯特(风3★3482%)，伊凡(风3★3482%)，茶露亚(风3★3482%)，奈丝卡(风3★3482%)，缪(风3★3482%)，菲勒斯(风3★3482%)，荷莉(风3★3482%)，科那(风3★3482%)，贾斯塔(风3★3482%)"
25,"新角色特选扭蛋","2020-04-30 12:00:00","2020-05-11 11:59:59","里布拉姆(光5★112%)，拉绮夏(水5★112%)，蛟(水4★564%)，赛吉尔(暗4★564%)，卑尔根(雷3★2948%)"
800001,"スターヒーローズガチャ","2020-04-30 12:00:00","2020-05-05 11:59:59",""
26,"雷属性特选扭蛋","2020-05-11 12:00:00","2020-05-15 11:59:59","巴拉克(雷5★52%)，梅媞斯(雷5★52%)，稻穗(雷5★52%)，卡莉奥丝特罗(雷5★52%)，露迪(雷4★490%)，阿德尼(雷4★490%)，拉姆斯(雷4★490%)，露娜露(雷4★490%)，雷吉斯(雷4★490%)，艾琳诺儿(雷4★490%)，米诺(雷4★490%)，卑尔根(雷3★2788%)，芙拉(雷3★2788%)，优娜(雷3★2788%)，赫妮(雷3★2788%)，泰加(雷3★2788%)，黑(雷3★2788%)，阿尔伯特(雷3★2788%)，加津知(雷3★2788%)，泰奇安娜(雷3★2788%)，科特(雷3★2788%)，夏·丝丝(雷3★2788%)"
5004,"装备特选扭蛋","2020-05-11 12:00:00","2020-05-15 11:59:59","?(??★24%)，?(??★160%)，?(??★183%)"
27,"新角色特选扭蛋","2020-05-15 12:00:00","2020-05-25 11:59:59","塞拉(雷5★1016%)，琪丽(火4★592%)，索维(水4★592%)，哈丽莎(火3★3%)"
5005,"装备扭蛋","2020-05-15 12:00:00","2020-06-23 11:59:59",""
28,"火属性特选扭蛋","2020-05-25 12:00:00","2020-05-31 11:59:59","菊野(火5★387%)，罗尔夫(火5★387%)，瓦格纳(火5★387%)，玛丽娜(火5★387%)，克拉莉丝(火5★387%)，米尔米娜(火4★4746%)，琪丽(火4★4746%)，蕾维(火4★4746%)，卡农(火4★4746%)，阿赛尔(火4★4746%)，碧安卡(火4★4746%)，花火(火4★4746%)，阿须桐丸(火4★4746%)，格莱德(火4★4746%)，斯文(火3★343%)，哈丽莎(火3★343%)，可兰(火3★343%)，莉莉露(火3★343%)，梅米(火3★343%)，哈修(火3★343%)，仁(火3★343%)，特蕾涅(火3★343%)，吉斯拉多(火3★343%)，恩妮(火3★343%)，杰克(火3★343%)"
29,"新角色特选扭蛋","2020-05-31 12:00:00","2020-06-07 11:59:59","奈芙提姆(光5★5943%)，奥莉维尔(暗5★5943%)，牡丹(雷5★5943%)，露娜(暗4★6155%)，贝伊斯(火4★6155%)，纱玛莎(水3★3851%)"
30,"光属性特选扭蛋","2020-06-07 12:00:00","2020-06-12 11:59:59","奈芙提姆(光5★2755%)，佩可莉姆(光5★2755%)，里布拉姆(光5★2755%)，贝瑞塔(光5★2755%)，塔吉斯(光5★2755%)，奈芙提姆(光5★2755%)，拉杰尔特(光5★2755%)，艾可莉儿(光5★2755%)，芙洛丽塔(光4★481%)，莱亚(光4★481%)，霍普(光4★481%)，伊路米(光4★481%)，杰拉尔(光4★481%)，艾莉亚(光4★481%)，芬(光4★481%)，绮拉(光4★481%)，加萝(光3★4251%)，可莉娜(光3★4251%)，玛格丽特(光3★4251%)，赛希莉亚(光3★4251%)，欧雷欧(光3★4251%)，劳尔(光3★4251%)，米雷斯(光3★4251%)，璐璐卡(光3★4251%)"
31,"新角色特选扭蛋","2020-06-12 12:00:00","2020-06-23 11:59:59","佩可莉姆(光5★7985%)，凯露(暗5★7985%)，可可萝(风5★7985%)，米尔米娜(火4★593%)，斯文(火3★3106%)"
32,"暗属性特选扭蛋","2020-06-23 12:00:00","2020-06-30 11:59:59","凯露(暗5★5804%)，卡菈(暗5★5804%)，莫弥亚(暗5★5804%)，贝尔赛蒂亚(暗5★5804%)，威隆(暗5★5804%)，赛吉尔(暗4★7517%)，玛丽安(暗4★7517%)，安迪(暗4★7517%)，里昂(暗4★7517%)，梅利露(暗3★158661%)，诺塞尔(暗3★158661%)，法露伽(暗3★158661%)，札里尔(暗3★158661%)，厄莉(暗3★158661%)，紫苑(暗3★158661%)，阿迪尔(暗3★158661%)，桃乐西亚(暗3★158661%)，蕾贝卡(暗3★158661%)"
5006,"装备特选扭蛋","2020-06-23 12:00:00","2020-06-30 11:59:59","?(??★27%)，?(??★17%)，?(??★23%)"
33,"新角色特选扭蛋","2020-06-30 12:00:00","2020-07-08 11:59:59","米娅(火5★12309%)，伊路米(雷5★12309%)，奈丝卡(雷4★14567%)，莉洁儿(光4★14567%)，涅迪(风3★6200%)"
5007,"装备扭蛋","2020-06-30 12:00:00","2020-09-23 11:59:59",""
34,"雷属性特选扭蛋","2020-07-08 12:00:00","2020-07-13 11:59:59","牡丹(雷5★5327%)，塞拉(雷5★5327%)，巴拉克(雷5★5327%)，梅媞斯(雷5★5327%)，稻穗(雷5★5327%)，卡莉奥丝特罗(雷5★5327%)，罗塞莉亚(雷4★13438%)，露迪(雷4★13438%)，阿德尼(雷4★13438%)，拉姆斯(雷4★13438%)，露娜露(雷4★13438%)，雷吉斯(雷4★13438%)，艾琳诺儿(雷4★13438%)，米诺(雷4★13438%)，芙拉娜(雷3★24267%)，卑尔根(雷3★24267%)，芙拉(雷3★24267%)，优娜(雷3★24267%)，赫妮(雷3★24267%)，泰加(雷3★24267%)，黑(雷3★24267%)，阿尔伯特(雷3★24267%)，加津知(雷3★24267%)，泰奇安娜(雷3★24267%)，科特(雷3★24267%)，夏·丝丝(雷3★24267%)"
35,"新角色特选扭蛋","2020-07-13 12:00:00","2020-07-21 11:59:59","贝尔赛蒂亚(雷5★12000%)，休尔特(风5★12000%)，琪亚娜(光4★940%)，罗塞莉亚(雷4★940%)，莉塔(水3★610%)"
36,"风属性特选扭蛋","2020-07-21 12:00:00","2020-07-31 11:59:59","可可萝(风5★1710%)，休尔特(风5★1710%)，米格里(风5★1710%)，西微(风5★1710%)，菲莉亚(风5★1710%)，雷恩(风5★1710%)，希尔媞(风5★1710%)，小羽(风4★15%)，凉风(风4★15%)，露(风4★15%)，米娅(风4★15%)，奥罗尔(风4★15%)，宗士郎(风4★15%)，梅露希儿(风4★15%)，赫尔加(风4★15%)，涅迪(风3★126%)，凯特(风3★126%)，伊凡(风3★126%)，茶露亚(风3★126%)，奈丝卡(风3★126%)，缪(风3★126%)，菲勒斯(风3★126%)，荷莉(风3★126%)，科那(风3★126%)，贾斯塔(风3★126%)"
37,"新角色特选扭蛋","2020-07-31 12:00:00","2020-08-07 11:59:59","爱丽丝(暗5★370%)，莉菈(光5★370%)，玛格丽特(暗4★1458%)，杰拉尔(水4★1458%)，芙拉娜(雷3★630%)"
800002,"スターヒーローズガチャ","2020-07-31 12:00:00","2020-08-07 11:59:59",""
38,"水属性特选扭蛋","2020-08-07 12:00:00","2020-08-13 11:59:59","拉绮夏(水5★5169%)，里姆尼斯(水5★5169%)，希丽奴(水5★5169%)，赛法(水5★5169%)，索妮雅(水5★5169%)，水善(水5★5169%)，蛟(水4★46670%)，莫迪亚迦(水4★46670%)，尤维尔(水4★46670%)，索维(水4★46670%)，萨尔(水4★46670%)，莉洁儿(水4★46670%)，亚美莉亚(水4★46670%)，爱丽丝(水4★46670%)，夏农(水4★46670%)，莉塔(水3★107650%)，纱玛莎(水3★107650%)，克菈菈(水3★107650%)，凯洛斯(水3★107650%)，崔丝塔(水3★107650%)，瓦尔塔(水3★107650%)，艾尔莎(水3★107650%)，克劳斯(水3★107650%)，白乃(水3★107650%)，诲谕(水3★107650%)，拉蒂(水3★107650%)，法夫(水3★107650%)，莉可(水3★107650%)"
39,"新角色特选扭蛋","2020-08-13 12:00:00","2020-08-21 11:59:59","拉杰尔特(水5★1140%)，格里格(暗4★140%)，娜希尔(火4★140%)，摩菈(光3★630%)"
40,"雷属性特选扭蛋","2020-08-21 12:00:00","2020-08-31 11:59:59","牡丹(雷5★5328%)，塞拉(雷5★5328%)，巴拉克(雷5★5328%)，梅媞斯(雷5★5328%)，稻穗(雷5★5328%)，卡莉奥丝特罗(雷5★5328%)，罗塞莉亚(雷4★43%)，露迪(雷4★43%)，阿德尼(雷4★43%)，拉姆斯(雷4★43%)，露娜露(雷4★43%)，雷吉斯(雷4★43%)，艾琳诺儿(雷4★43%)，米诺(雷4★43%)，芙拉娜(雷3★30329%)，卑尔根(雷3★30329%)，芙拉(雷3★30329%)，优娜(雷3★30329%)，赫妮(雷3★30329%)，泰加(雷3★30329%)，黑(雷3★30329%)，阿尔伯特(雷3★30329%)，加津知(雷3★30329%)，泰奇安娜(雷3★30329%)，科特(雷3★30329%)，夏·丝丝(雷3★30329%)"
41,"新角色特选扭蛋","2020-08-31 12:00:00","2020-09-10 11:59:59","奥薇尔(光5★38%)，菲拉梅里亚(光5★38%)，布莱斯(暗4★34%)，仓丸(火4★34%)"
42,"火属性特选扭蛋","2020-09-10 12:00:00","2020-09-15 11:59:59","菊野(火5★14%)，罗尔夫(火5★14%)，瓦格纳(火5★14%)，玛丽娜(火5★14%)，克拉莉丝(火5★14%)，仓丸(火4★34153%)，娜希尔(火4★34153%)，米尔米娜(火4★34153%)，贝伊斯(火4★34153%)，琪丽(火4★34153%)，蕾维(火4★34153%)，卡农(火4★34153%)，阿赛尔(火4★34153%)，碧安卡(火4★34153%)，花火(火4★34153%)，阿须桐丸(火4★34153%)，格莱德(火4★34153%)，斯文(火3★26977%)，哈丽莎(火3★26977%)，可兰(火3★26977%)，莉莉露(火3★26977%)，梅米(火3★26977%)，哈修(火3★26977%)，仁(火3★26977%)，特蕾涅(火3★26977%)，吉斯拉多(火3★26977%)，恩妮(火3★26977%)，杰克(火3★26977%)"
43,"新角色特选扭蛋","2020-09-15 12:00:00","2020-09-30 11:59:59","源樱(水5★40%)，二阶堂咲(风5★40%)，夕雾(火4★53%)"
15008,"装备特选扭蛋","2020-09-23 12:00:00","2020-09-30 11:59:59","?(??★30%)，?(??★2%)，?(??★24%)"
44,"新角色特选扭蛋","2020-09-30 12:00:00","2020-10-15 11:59:59","星川莉莉(光5★40%)，绀野纯子(暗5★40%)，水野爱(雷4★53%)"
15009,"装备扭蛋","2020-09-30 12:00:00","2020-12-25 11:59:59",""
45,"新角色特选扭蛋","2020-10-15 12:00:00","2020-10-23 11:59:59","蒂亚(暗5★120%)，法露伽(暗4★106%)，露娜露(雷4★106%)，可莉娜(光3★64%)"
46,"新角色特选扭蛋","2020-10-23 12:00:00","2020-10-31 11:59:59","蒂妮(暗5★120%)，塞尔玛(暗4★901%)，妮可拉(火4★901%)，哈奥(风4★901%)"
47,"新角色特选扭蛋","2020-10-31 12:00:00","2020-11-09 11:59:59","艾丝缇莉艾尔(风5★41%)，艾迪凯斯(暗5★41%)，莉莉丝(光4★56%)"
800003,"スターヒーローズガチャ","2020-10-31 12:00:00","2020-11-09 11:59:59",""
48,"特选扭蛋","2020-11-09 12:00:00","2020-11-16 11:59:59","奥薇尔(光5★13%)，莉菈(光5★13%)，贝瑞塔(光5★13%)，奈芙提姆(光5★13%)，琪亚娜(光4★53%)，霍普(光4★53%)，伊路米(光4★53%)，艾莉亚(光4★53%)，玛格丽特(光3★63%)"
49,"新角色特选扭蛋","2020-11-16 12:00:00","2020-11-27 11:59:59","雷吉斯(雷5★132%)，薇薇(水4★38%)，梅克(光4★38%)，莉莉安(火3★65%)"
50,"特选扭蛋","2020-11-27 12:00:00","2020-11-30 11:59:59","希尔媞(风5★41%)，菲莉亚(风5★41%)，雷吉斯(雷4★38%)，花火(火4★38%)，厄莉(暗3★189%)，赛希莉亚(光3★189%)"
51,"新角色特选扭蛋","2020-11-30 12:00:00","2020-12-09 11:59:59","希尔媞(风5★308%)，菲莉亚(光5★308%)，花火(火5★308%)，赛希莉亚(光4★118%)，厄莉(暗4★118%)"
52,"新角色特选扭蛋","2020-12-09 12:00:00","2020-12-14 11:59:59","雷拉斯(水5★129%)，可莎(光3★64%)"
100,"乐享扭蛋","2020-12-10 12:00:00","2050-12-16 11:59:59",""
5008,"装备扭蛋","2020-12-10 12:00:00","2021-12-02 11:59:59",""
53,"复刻角色特选扭蛋","2020-12-14 12:00:00","2020-12-18 11:59:59","宗士郎(雷5★308%)，玛丽安(火5★308%)，稻穗(光5★308%)，欧雷欧(雷4★59%)"
54,"新角色特选扭蛋","2020-12-18 12:00:00","2020-12-25 11:59:59","阿露姆(暗5★44%)，碧安卡(火5★44%)，特蕾涅(火4★118%)，阿德尼(雷4★118%)，梅利露(暗3★66%)"
55,"特选扭蛋","2020-12-25 12:00:00","2020-12-31 11:59:59","蒂妮(暗5★13653%)，奥莉维尔(暗5★13653%)，威隆(暗5★13653%)，塞尔玛(暗4★44149%)，赛吉尔(暗4★44149%)，布莱斯(暗4★44149%)，玛丽安(暗4★44149%)，安迪(暗4★44149%)，里昂(暗4★44149%)，法露伽(暗3★122%)，札里尔(暗3★122%)，紫苑(暗3★122%)，桃乐西亚(暗3★122%)，蕾贝卡(暗3★122%)"
15010,"装备特选扭蛋","2020-12-25 12:00:00","2020-12-31 11:59:59","?(??★33%)，?(??★19%)，?(??★25%)"
56,"新角色特选扭蛋","2020-12-31 12:00:00","2021-01-08 11:59:59","布茜(雷5★44%)，凉风(风5★44%)，崔丝塔(水4★118%)，托·蕾蕾妮(雷4★118%)"
57,"2021年福袋扭蛋","2020-12-31 12:00:00","2023-12-31 11:59:59","布茜(雷5★44%)，凉风(风5★44%)，崔丝塔(水4★118%)，托·蕾蕾妮(雷4★118%)"
15011,"装备扭蛋","2020-12-31 12:00:00","2021-03-26 11:59:59",""
58,"复刻角色特选扭蛋","2021-01-08 12:00:00","2021-01-16 11:59:59","诺埃妮(火5★44%)，艾莉亚(水5★44%)，蕾贝卡(风4★1020%)，璐璐卡(火4★1020%)，尤维尔(暗4★1020%)"
59,"新角色特选扭蛋","2021-01-16 12:00:00","2021-01-31 11:59:59","爱蜜莉雅(水5★46%)，雷姆(水5★46%)，拉姆(风4★62%)"
60,"新角色特选扭蛋","2021-01-31 12:00:00","2021-02-09 11:59:59","托莉亚(火5★44%)，芙拉菲(风5★44%)，里卡尔德(风4★40%)，蒂蕾特(光4★40%)"
10061,"新角色特选扭蛋","2021-02-09 12:00:00","2021-02-17 11:59:59","艾莉亚(光5★132%)，芙洛丽塔(光4★60%)"
10062,"新角色特选扭蛋","2021-02-17 12:00:00","2021-02-24 11:59:59","洛蒂(雷5★46%)，燎(火5★46%)，艾蒂塔(雷4★124%)，爱德华(暗4★124%)"
10063,"特选扭蛋","2021-02-24 12:00:00","2021-02-28 11:59:59","卡莉奥丝特罗(雷5★23%)，梅媞斯(雷5★23%)，塞拉(雷5★23%)，牡丹(雷5★23%)"
10064,"新角色特选扭蛋","2021-02-28 12:00:00","2021-03-12 11:59:59","珂艾特(暗5★16%)，谢胧(水5★16%)，米迪(风4★64%)，阿克塞姆(光3★66%)"
800004,"スターヒーローズガチャ","2021-02-28 12:00:00","2021-03-09 11:59:59",""
10065,"新角色特选扭蛋","2021-03-12 12:00:00","2021-03-19 11:59:59","水善(火5★150%)，克劳斯(火3★67%)"
10066,"新角色特选扭蛋","2021-03-19 12:00:00","2021-03-26 11:59:59","塞里奥尔(光5★50%)，梅尔维奥拉(暗5★50%)，特尔娜(雷4★65%)"
10067,"特选扭蛋","2021-03-26 12:00:00","2021-03-31 11:59:59","索妮雅(水5★32%)，里姆尼斯(水5★32%)，拉绮夏(水5★32%)，雷拉斯(水5★32%)"
15012,"装备特选扭蛋","2021-03-26 12:00:00","2021-03-31 11:59:59","?(??★36%)，?(??★20%)，?(??★26%)"
10068,"新角色特选扭蛋","2021-03-31 12:00:00","2021-04-09 11:59:59","索妮雅(风5★364%)，蒂妮(暗5★364%)，哈里达尔(水5★364%)，鲁·鲁特(光3★67%)"
15013,"装备扭蛋","2021-03-31 12:00:00","2021-10-31 11:59:59",""
10069,"特选扭蛋","2021-04-09 12:00:00","2021-04-16 11:59:59","稻穗(雷5★52%)，芙拉菲(风5★52%)，菲拉梅里亚(光5★52%)，蒂妮(暗5★52%)"
10070,"复刻角色特选扭蛋","2021-04-16 12:00:00","2021-04-21 11:59:59","米娅(火5★420%)，伊路米(雷5★420%)，贝尔赛蒂亚(雷5★420%)，奈丝卡(雷4★144%)，莉洁儿(光4★144%)"
900001,"复刻角色特选扭蛋","2021-04-16 12:00:00","2021-04-21 11:59:59","米娅(火5★420%)，伊路米(雷5★420%)，贝尔赛蒂亚(雷5★420%)，奈丝卡(雷4★144%)，莉洁儿(光4★144%)"
10071,"复刻角色特选扭蛋","2021-04-21 12:00:00","2021-04-24 11:59:59","爱丽丝(暗5★62%)，拉杰尔特(水5★62%)，玛格丽特(暗4★148%)，杰拉尔(水4★148%)"
30000,"复刻角色特选扭蛋","2021-04-24 12:00:00","2021-04-30 11:59:59","源樱(水5★53%)，二阶堂咲(风5★53%)，星川莉莉(光5★53%)，绀野纯子(暗5★53%)，夕雾(火4★44%)，水野爱(雷4★44%)"
10073,"新角色特选扭蛋","2021-04-30 12:00:00","2021-05-12 11:59:59","兹茵可(雷5★371%)，涅维亚(风5★371%)，克亚雷(火5★371%)，伦达尔(暗4★22%)，塔尔哈(暗3★68%)"
10074,"新角色特选扭蛋","2021-05-12 12:00:00","2021-05-21 11:59:59","塞达(火5★56%)，贝阿朵丽丝(暗5★56%)，吉泽尔(雷4★134%)，塔维尔(暗4★134%)"
10075,"新角色特选扭蛋","2021-05-21 12:00:00","2021-05-27 11:59:59","斩铁(雷5★58%)，莲月(光5★58%)，皮亚莫(风4★46%)，菲妮(光4★46%)"
10076,"复刻角色特选扭蛋","2021-05-27 12:00:00","2021-05-31 11:59:59","奈芙提姆(光5★180%)"
10077,"新角色特选扭蛋","2021-05-31 12:00:00","2021-06-14 11:59:59","亚美莉亚(水5★420%)，艾丝缇莉艾尔(风5★420%)，赛吉尔(暗5★420%)，舞姬(火4★71%)，科迪(暗3★69%)"
10078,"特选扭蛋","2021-06-14 12:00:00","2021-06-18 11:59:59","布茜(雷5★59%)，洛蒂(雷5★59%)"
10079,"特选扭蛋","2021-06-14 12:00:00","2021-06-18 11:59:59","贝瑞塔(光5★59%)，奥薇尔(光5★59%)"
10080,"新角色特选扭蛋","2021-06-18 12:00:00","2021-06-25 11:59:59","蕾缇希娅(火5★20%)，玛奇斯(雷5★20%)，珐颂(水4★48%)，萨莉哈(光4★48%)"
10081,"特选扭蛋","2021-06-25 12:00:00","2021-06-30 11:59:59","诺埃妮(火5★10%)，卡莉奥丝特罗(雷5★10%)，西微(风5★10%)，菲拉梅里亚(光5★10%)"
10082,"新角色特选扭蛋","2021-06-30 12:00:00","2021-07-12 11:59:59","莉莉丝(光5★434%)，塞拉(雷5★434%)，玛姆娜莉亚(水5★434%)，阿赛尔(火4★74%)，米蕾特(风3★70%)"
800005,"スターヒーローズガチャ","2021-06-30 12:00:00","2021-07-12 11:59:59",""
10083,"特选扭蛋","2021-07-12 12:00:00","2021-07-16 11:59:59","拉绮夏(水5★427%)，谢胧(水5★427%)，斩铁(雷5★427%)"
10084,"新角色特选扭蛋","2021-07-16 12:00:00","2021-07-26 11:59:59","艾可莉儿(火5★21%)，普莉姆拉(暗5★21%)，艾芙琳(水4★148%)，路马尔克(风4★148%)"
10085,"特选扭蛋","2021-07-26 12:00:00","2021-07-31 11:59:59","菲莉亚(风5★10%)，梅尔维奥拉(暗5★10%)，罗尔夫(火5★10%)，拉杰尔特(光5★10%)"
87,"特选扭蛋","2021-07-31 12:00:00","2021-08-12 11:59:59","希尔媞(风5★61%)，雷恩(风5★61%)，贝尔赛蒂亚(暗5★61%)，威隆(暗5★61%)"
10086,"新角色特选扭蛋","2021-07-31 12:00:00","2021-08-12 11:59:59","西微(风5★448%)，稻穗(光5★448%)，豪岚(风5★448%)，白乃(水4★76%)，露西尔(暗3★71%)"
10088,"特选扭蛋","2021-08-12 12:00:00","2021-08-16 11:59:59","玛姆娜莉亚(水5★434%)，雷拉斯(水5★434%)，索妮雅(水5★434%)"
89,"新角色特选扭蛋","2021-08-16 12:00:00","2021-08-31 11:59:59","凉宫春日(火5★476%)，朝比奈实玖琉(光5★476%)，长门有希(水5★476%)，古泉一树(暗4★79%)"
90,"新角色特选扭蛋","2021-08-31 12:00:00","2021-09-10 11:59:59","奈芙提姆(光5★65%)，雷恩(风5★65%)，薇尔吉娅(暗4★76%)，菲·诺诺亚(雷3★72%)"
91,"特选扭蛋","2021-09-10 12:00:00","2021-09-15 11:59:59","塞达(火5★434%)，燎(火5★434%)，克拉莉丝(火5★434%)"
67,"恭贺新年特选扭蛋","2021-09-13 16:00:00","2021-09-14 11:59:59","诺埃妮(火5★5%)，艾莉亚(水5★5%)，蕾贝卡(风4★476%)，璐璐卡(火4★476%)，尤维尔(暗4★476%)，加萝(光3★50%)"
92,"新角色特选扭蛋","2021-09-15 12:00:00","2021-09-24 11:59:59","梅姆拉姆(雷5★455%)，泽赫尔(光5★455%)，丝特莱纳(雷5★455%)，阿福(雷4★77%)"
93,"特选扭蛋","2021-09-24 12:00:00","2021-09-30 11:59:59","斩铁(雷5★455%)，兹茵可(雷5★455%)，塞拉(雷5★455%)"
94,"新角色特选扭蛋","2021-09-30 12:00:00","2021-10-18 11:59:59","谢胧(水5★68%)，赫尔加(雷5★68%)，玛卡妮(风4★26%)"
96,"复刻角色特选扭蛋","2021-10-18 12:00:00","2021-10-26 11:59:59","蒂亚(暗5★204%)，法露伽(暗4★158%)，露娜露(雷4★158%)，可莉娜(光3★73%)"
900002,"新角色特选扭蛋","2021-10-18 21:00:00","2021-10-19 11:59:59","谢胧(水5★68%)，赫尔加(雷5★68%)，玛卡妮(风4★26%)"
15014,"装备特选扭蛋","2021-10-31 12:00:00","2021-11-11 11:59:59","?(??★39%)，?(??★21%)，?(??★27%)"
62,"崩坏域攻略特选扭蛋","2021-11-04 12:00:00","2021-11-11 11:59:59","索妮雅(水5★13%)，菲莉亚(风5★13%)，花火(火4★50%)，拉姆斯(雷4★50%)"
63,"圣夜节特选扭蛋","2021-11-04 12:00:00","2021-11-18 11:59:59","玛丽安(火5★105%)，稻穗(光5★105%)，宗士郎(雷5★105%)，欧雷欧(雷4★18%)，卡农(火4★18%)，芙拉(雷3★49%)"
15015,"装备扭蛋","2021-11-11 12:00:00","2021-12-17 12:00:00",""
64,"黑雷荒龙特选扭蛋","2021-11-18 12:00:00","2021-11-25 11:59:59","雷恩(风5★13%)，希尔媞(风5★13%)，梅露希儿(风4★52%)，赫尔加(风4★52%)"
100100,"复刻角色特选扭蛋","2021-11-19 12:00:00","2021-11-27 11:59:59","亚美莉亚(水5★490%)，艾丝缇莉艾尔(风5★490%)，赛吉尔(暗5★490%)"
65,"水属性角色特选扭蛋","2021-11-25 12:00:00","2021-12-02 11:59:59","索妮雅(水5★48%)，莉洁儿(水4★18%)，爱丽丝(水4★18%)，法夫(水3★51%)"
66,"恭贺新年特选扭蛋","2021-11-25 12:00:00","2021-12-09 11:59:59","诺埃妮(火5★5%)，艾莉亚(水5★5%)，蕾贝卡(风4★476%)，璐璐卡(火4★476%)，尤维尔(暗4★476%)，加萝(光3★50%)"
68,"新角色特选扭蛋","2021-12-02 12:00:00","2021-12-09 11:59:59","赛法(水5★5%)，莫弥亚(暗5★5%)，阿德尼(雷4★28%)，凯特(风3★51%)"
5009,"装备扭蛋","2021-12-02 12:00:00","2021-12-09 11:59:59","?(??★180%)，?(??★140%)，?(??★200%)"
69,"新角色特选扭蛋","2021-12-09 12:00:00","2021-12-23 11:59:59","菊野(火5★170%)，梅媞斯(雷5★170%)，露(风4★580%)，蕾维(火4★580%)，可兰(火3★520%)"
5010,"装备扭蛋","2021-12-09 12:00:00","2022-02-17 11:59:59",""
15016,"装备扭蛋","2021-12-17 12:00:00","2021-12-31 11:59:59",""
70,"女性角色特选扭蛋","2021-12-23 12:00:00","2021-12-30 11:59:59","奈芙提姆(光5★1200%)，克拉莉丝(火5★1200%)，碧安卡(火4★1989%)，夏·丝丝(雷3★1302%)"
71,"圣夜节特选扭蛋复刻","2021-12-23 12:00:00","2021-12-30 11:59:59","玛丽安(火5★105%)，稻穗(光5★105%)，宗士郎(雷5★105%)，欧雷欧(雷4★18%)，卡农(火4★18%)，芙拉(雷3★49%)"
72,"新角色特选扭蛋","2021-12-30 12:00:00","2022-01-13 11:59:59","希丽奴(水5★180%)，西微(风5★180%)，萨尔(水4★744%)，诺塞尔(暗3★530%)"
106,"新角色特选扭蛋","2021-12-31 12:00:00","2022-01-07 11:59:59","特拉埃蒂(水5★511%)，奥薇尔(光5★511%)，贝尔赛蒂亚(暗5★511%)，蕾维(火4★166%)，黑(雷4★166%)"
5017,"装备特选扭蛋","2021-12-31 12:00:00","2022-01-16 11:59:59","?(??★42%)，?(??★22%)，?(??★28%)"
73,"雷属性角色特选扭蛋","2022-01-06 12:00:00","2022-01-13 11:59:59","梅媞斯(雷5★545%)，稻穗(雷5★545%)，卡莉奥丝特罗(雷5★545%)，阿德尼(雷4★43466%)，拉姆斯(雷4★43466%)，露娜露(雷4★43466%)，雷吉斯(雷4★43466%)，艾琳诺儿(雷4★43466%)，米诺(雷4★43466%)，芙拉(雷3★132%)，优娜(雷3★132%)，赫妮(雷3★132%)，泰加(雷3★132%)，黑(雷3★132%)，阿尔伯特(雷3★132%)，加津知(雷3★132%)，泰奇安娜(雷3★132%)，科特(雷3★132%)，夏·丝丝(雷3★132%)"
107,"复刻角色特选扭蛋","2022-01-07 12:00:00","2022-01-16 11:59:59","诺埃妮(火5★73%)，艾莉亚(水5★73%)，布茜(雷5★73%)，凉风(风5★73%)，璐璐卡(火4★83%)，崔丝塔(水4★83%)，蕾贝卡(风4★83%)，尤维尔(暗4★83%)"
108,"复刻角色特选扭蛋","2022-01-07 12:00:00","2022-01-16 11:59:59","雷吉斯(雷5★73%)，希尔媞(风5★73%)，菲莉亚(光5★73%)，花火(火5★73%)，赛希莉亚(光4★164%)，厄莉(暗4★164%)"
74,"新角色特选扭蛋","2022-01-13 12:00:00","2022-01-20 11:59:59","罗尔夫(火5★20%)，巴拉克(雷5★20%)，凉风(风4★64%)，伊路米(光4★64%)"
109,"复刻角色特选扭蛋","2022-01-16 12:00:00","2022-01-31 11:59:59","爱蜜莉雅(水5★76%)，雷姆(水5★76%)，拉姆(风4★83%)"
5018,"水属性装备特选扭蛋","2022-01-16 12:00:00","2022-01-31 11:59:59","?(??★42%)，?(??★22%)，?(??★702%)，?(??★702%)，?(??★702%)"
75,"新角色特选扭蛋","2022-01-20 12:00:00","2022-01-27 11:59:59","贝瑞塔(光5★22%)，塔吉斯(光5★22%)，霍普(光4★68%)，莫迪亚迦(水4★68%)"
76,"光属性角色特选扭蛋","2022-01-27 12:00:00","2022-02-03 11:59:59","贝瑞塔(光5★38%)，塔吉斯(光5★38%)，奈芙提姆(光5★38%)，拉杰尔特(光5★38%)，艾可莉儿(光5★38%)，霍普(光4★837%)，伊路米(光4★837%)，杰拉尔(光4★837%)，艾莉亚(光4★837%)，芬(光4★837%)，绮拉(光4★837%)，加萝(光3★23%)，可莉娜(光3★23%)，玛格丽特(光3★23%)，赛希莉亚(光3★23%)，欧雷欧(光3★23%)，劳尔(光3★23%)，米雷斯(光3★23%)，璐璐卡(光3★23%)"
78,"恭贺新春特选扭蛋","2022-01-27 12:00:00","2022-02-10 11:59:59","诺埃妮(火5★24%)，艾莉亚(水5★24%)，蕾贝卡(风4★476%)，璐璐卡(火4★476%)，尤维尔(暗4★476%)，加萝(光3★558%)"
110,"新角色特选扭蛋","2022-01-31 12:00:00","2022-02-14 11:59:59","镜华(水5★511%)，未奏希(火5★511%)，美美(风5★511%)"
5019,"风属性装备特选扭蛋","2022-01-31 12:00:00","2022-02-14 11:59:59","?(??★13%)，?(??★13%)，?(??★2%)，?(??★2%)，?(??★702%)，?(??★702%)，?(??★702%)"
77,"暗属性角色特选扭蛋","2022-02-03 12:00:00","2022-02-10 11:59:59","莫弥亚(暗5★423%)，贝尔赛蒂亚(暗5★423%)，威隆(暗5★423%)，玛丽安(暗4★758%)，安迪(暗4★758%)，里昂(暗4★758%)，诺塞尔(暗3★23%)，法露伽(暗3★23%)，札里尔(暗3★23%)，厄莉(暗3★23%)，紫苑(暗3★23%)，阿迪尔(暗3★23%)，桃乐西亚(暗3★23%)，蕾贝卡(暗3★23%)"
79,"新角色特选扭蛋","2022-02-10 12:00:00","2022-02-17 11:59:59","卡菈(暗5★24%)，里姆尼斯(水5★24%)，露迪(雷4★72%)，莱亚(光4★72%)，梅利露(暗3★540%)"
111,"新角色特选扭蛋","2022-02-14 12:00:00","2022-02-21 11:59:59","蕾缇希娅(火5★76%)，涅特(光5★76%)，艾蕾吉娅(雷4★83%)"
5020,"光属性装备特选扭蛋","2022-02-14 12:00:00","2022-02-28 11:59:59","?(??★84%)，?(??★84%)，?(??★84%)，?(??★340%)，?(??★340%)，?(??★340%)，?(??★325%)，?(??★325%)，?(??★325%)，?(??★325%)"
80,"风属性角色特选扭蛋","2022-02-17 12:00:00","2022-02-24 11:59:59","米格里(风5★307%)，西微(风5★307%)，菲莉亚(风5★307%)，雷恩(风5★307%)，希尔媞(风5★307%)，凉风(风4★56%)，露(风4★56%)，米娅(风4★56%)，奥罗尔(风4★56%)，宗士郎(风4★56%)，梅露希儿(风4★56%)，赫尔加(风4★56%)，凯特(风3★3482%)，伊凡(风3★3482%)，茶露亚(风3★3482%)，奈丝卡(风3★3482%)，缪(风3★3482%)，菲勒斯(风3★3482%)，荷莉(风3★3482%)，科那(风3★3482%)，贾斯塔(风3★3482%)"
5011,"新装备特选扭蛋","2022-02-17 12:00:00","2022-02-24 11:59:59","?(??★3%)，?(??★150%)，?(??★42%)"
112,"复刻角色特选扭蛋","2022-02-21 12:00:00","2022-02-28 11:59:59","艾莉亚(光5★228%)，芙洛丽塔(光4★28%)"
81,"新角色特选扭蛋","2022-02-24 12:00:00","2022-03-03 11:59:59","米格里(风5★26%)，菊野(火5★26%)，芙洛丽塔(光4★76%)，小羽(风4★76%)，克菈菈(水3★550%)"
5012,"装备扭蛋","2022-02-24 12:00:00","2022-03-10 11:59:59",""
113,"新角色特选扭蛋","2022-02-28 12:00:00","2022-03-07 11:59:59","安巴赫(水5★532%)，特克托(雷5★532%)，玛露琪亚(风5★532%)"
5021,"本装备特选扭蛋","2022-02-28 12:00:00","2022-03-14 11:59:59","?(??★42%)，?(??★2%)，?(??★2%)，?(??★702%)，?(??★702%)，?(??★702%)"
82,"新角色特选扭蛋","2022-03-03 12:00:00","2022-03-17 11:59:59","里布拉姆(光5★112%)，拉绮夏(水5★112%)，蛟(水4★564%)，赛吉尔(暗4★564%)，卑尔根(雷3★2948%)"
114,"复刻角色特选扭蛋","2022-03-07 12:00:00","2022-03-14 11:59:59","塞拉(雷5★553%)，莉莉丝(光5★553%)，艾可莉儿(火5★553%)，阿赛尔(火4★84%)"
83,"雷属性特选扭蛋","2022-03-10 12:00:00","2022-03-17 11:59:59","巴拉克(雷5★52%)，梅媞斯(雷5★52%)，稻穗(雷5★52%)，卡莉奥丝特罗(雷5★52%)，露迪(雷4★490%)，阿德尼(雷4★490%)，拉姆斯(雷4★490%)，露娜露(雷4★490%)，雷吉斯(雷4★490%)，艾琳诺儿(雷4★490%)，米诺(雷4★490%)，卑尔根(雷3★2788%)，芙拉(雷3★2788%)，优娜(雷3★2788%)，赫妮(雷3★2788%)，泰加(雷3★2788%)，黑(雷3★2788%)，阿尔伯特(雷3★2788%)，加津知(雷3★2788%)，泰奇安娜(雷3★2788%)，科特(雷3★2788%)，夏·丝丝(雷3★2788%)"
5013,"新装备特选扭蛋","2022-03-10 12:00:00","2022-03-17 11:59:59","?(??★24%)，?(??★160%)，?(??★183%)"
115,"新角色特选扭蛋","2022-03-14 12:00:00","2022-03-22 11:59:59","丛云(暗5★79%)，休尔特(风5★79%)，卡菈薇娜(光4★28%)"
5022,"装备特选扭蛋","2022-03-14 12:00:00","2022-03-31 11:59:59","?(??★42%)，?(??★2%)，?(??★2%)，?(??★81%)，?(??★81%)"
84,"新角色特选扭蛋","2022-03-17 12:00:00","2022-03-24 11:59:59","塞拉(雷5★1016%)，琪丽(火4★592%)，索维(水4★592%)，哈丽莎(火3★3%)"
5014,"装备扭蛋","2022-03-17 12:00:00","2022-04-14 11:59:59",""
2001,"复刻角色特选扭蛋","2022-03-22 12:00:00","2022-03-31 11:59:59","雷恩(风5★79%)，奈芙提姆(光5★79%)，西微(风5★79%)，稻穗(光5★79%)，白乃(水4★85%)"
85,"新角色特选扭蛋","2022-03-24 12:00:00","2022-04-07 11:59:59","佩可莉姆(光5★7985%)，凯露(暗5★7985%)，可可萝(风5★7985%)，米尔米娜(火4★593%)，斯文(火3★3106%)"
116,"新角色特选扭蛋","2022-03-31 12:00:00","2022-04-08 11:59:59","贾斯媞(水5★948%)，丝缇涅尔(光5★632%)，克拉尔缇(光4★85%)"
5023,"装备特选扭蛋","2022-03-31 12:00:00","2022-04-15 11:59:59","?(??★45%)，?(??★23%)，?(??★29%)"
800006,"スターヒーローズガチャ","2022-03-31 12:00:00","2022-04-08 11:59:59","贾斯媞(水5★948%)，丝缇涅尔(光5★632%)，克拉尔缇(光4★85%)"
86,"火属性角色特选扭蛋","2022-04-07 12:00:00","2022-04-14 11:59:59","菊野(火5★387%)，罗尔夫(火5★387%)，瓦格纳(火5★387%)，玛丽娜(火5★387%)，克拉莉丝(火5★387%)，米尔米娜(火4★4746%)，琪丽(火4★4746%)，蕾维(火4★4746%)，卡农(火4★4746%)，阿赛尔(火4★4746%)，碧安卡(火4★4746%)，花火(火4★4746%)，阿须桐丸(火4★4746%)，格莱德(火4★4746%)，斯文(火3★343%)，哈丽莎(火3★343%)，可兰(火3★343%)，莉莉露(火3★343%)，梅米(火3★343%)，哈修(火3★343%)，仁(火3★343%)，特蕾涅(火3★343%)，吉斯拉多(火3★343%)，恩妮(火3★343%)，杰克(火3★343%)"
2002,"复刻角色特选扭蛋","2022-04-08 12:00:00","2022-04-15 11:59:59","谢胧(水5★80%)，赫尔加(雷5★80%)"
1500,"暗属性特选扭蛋","2022-04-14 12:00:00","2022-04-19 11:59:59","凯露(暗5★5804%)，卡菈(暗5★5804%)，莫弥亚(暗5★5804%)，贝尔赛蒂亚(暗5★5804%)，威隆(暗5★5804%)，赛吉尔(暗4★7517%)，玛丽安(暗4★7517%)，安迪(暗4★7517%)，里昂(暗4★7517%)，梅利露(暗3★158661%)，诺塞尔(暗3★158661%)，法露伽(暗3★158661%)，札里尔(暗3★158661%)，厄莉(暗3★158661%)，紫苑(暗3★158661%)，阿迪尔(暗3★158661%)，桃乐西亚(暗3★158661%)，蕾贝卡(暗3★158661%)"
5015,"新装备特选扭蛋","2022-04-14 12:00:00","2022-04-19 11:59:59","?(??★27%)，?(??★17%)，?(??★23%)"
117,"新角色特选扭蛋","2022-04-15 12:00:00","2022-04-22 11:59:59","希尔狄嘉德(暗5★80%)，魏虎(火5★80%)，琳卡莉娜(雷4★86%)"
2003,"复刻角色特选扭蛋","2022-04-15 12:00:00","2022-04-22 11:59:59","索妮雅(风5★82%)，蒂妮(暗5★82%)"
5024,"暗属性装备特选扭蛋","2022-04-15 12:00:00","2022-04-29 11:59:59","?(??★91%)，?(??★91%)，?(??★91%)，?(??★357%)，?(??★357%)，?(??★357%)，?(??★169%)，?(??★169%)，?(??★169%)，?(??★169%)"
1501,"半周年庆典扭蛋","2022-04-19 12:00:00","2022-04-28 11:59:59","奈芙提姆(光5★5943%)，奥莉维尔(暗5★5943%)，牡丹(雷5★5943%)，露娜(暗4★6155%)，贝伊斯(火4★6155%)，纱玛莎(水3★3851%)"
5016,"装备扭蛋","2022-04-19 12:00:00","2022-07-14 11:59:59",""
2004,"复刻角色特选扭蛋","2022-04-22 12:00:00","2022-04-29 11:59:59","莉菈(光5★82%)，拉芙(暗5★82%)，米尔米娜(风4★58%)，拉纳(水4★58%)"
1503,"光属性特选扭蛋","2022-04-28 12:00:00","2022-05-05 11:59:59","奈芙提姆(光5★2755%)，佩可莉姆(光5★2755%)，里布拉姆(光5★2755%)，贝瑞塔(光5★2755%)，塔吉斯(光5★2755%)，奈芙提姆(光5★2755%)，拉杰尔特(光5★2755%)，艾可莉儿(光5★2755%)，芙洛丽塔(光4★481%)，莱亚(光4★481%)，霍普(光4★481%)，伊路米(光4★481%)，杰拉尔(光4★481%)，艾莉亚(光4★481%)，芬(光4★481%)，绮拉(光4★481%)，加萝(光3★4251%)，可莉娜(光3★4251%)，玛格丽特(光3★4251%)，赛希莉亚(光3★4251%)，欧雷欧(光3★4251%)，劳尔(光3★4251%)，米雷斯(光3★4251%)，璐璐卡(光3★4251%)"
118,"新角色特选扭蛋","2022-04-29 12:00:00","2022-05-09 11:59:59","奎茵薇德(光5★82%)，路易莉兹(暗5★82%)，奥涅斯特(雷4★29%)"
119,"特选扭蛋","2022-04-29 12:00:00","2022-05-16 11:59:59","千岳十织(雷5★40%)，特克托(雷5★40%)，梅姆拉姆(雷5★40%)，丝特莱纳(雷5★40%)"
5025,"装备特选扭蛋","2022-04-29 12:00:00","2022-06-30 11:59:59","?(??★91%)，?(??★91%)，?(??★91%)"
1504,"新角色特选扭蛋","2022-05-05 12:00:00","2022-05-19 11:59:59","贝尔赛蒂亚(雷5★12000%)，休尔特(风5★12000%)，琪亚娜(光4★940%)，罗塞莉亚(雷4★940%)，莉塔(水3★610%)"
800100,"夏日星之英雄扭蛋","2022-05-05 12:00:00","2022-05-12 11:59:59",""
120,"复刻角色特选扭蛋","2022-05-09 12:00:00","2022-05-16 11:59:59","水善(火5★36%)，克劳斯(火3★73%)"
121,"新角色特选扭蛋","2022-05-16 12:00:00","2022-05-23 11:59:59","茧月(雷5★28%)，艾尔玛露(风5★28%)，珐洛洛(水4★88%)"
1505,"新角色特选扭蛋","2022-05-19 12:00:00","2022-06-02 11:59:59","拉杰尔特(水5★1140%)，格里格(暗4★140%)，娜希尔(火4★140%)，摩菈(光3★630%)"
122,"复刻角色特选扭蛋","2022-05-23 12:00:00","2022-05-31 11:59:59","米娅(火5★602%)，贝尔赛蒂亚(雷5★602%)，伊路米(雷5★602%)，奈丝卡(雷4★178%)，莉洁儿(光4★178%)"
123,"新角色特选扭蛋","2022-05-31 12:00:00","2022-06-07 11:59:59","托莉亚(火5★602%)，蒂亚(水5★602%)，里昂(暗5★602%)"
900003,"限定込み★4以上扭蛋","2022-05-31 12:00:00","2199-12-31 23:59:59","托莉亚(火5★172%)，玛丽娜(火5★172%)，蒂亚(水5★172%)，雷拉斯(水5★172%)，赛法(水5★172%)，白(雷5★172%)，无声铃鹿(风5★172%)，芙拉菲(风5★172%)，特别周(光5★172%)，里昂(暗5★172%)，珂艾特(暗5★172%)，菲勒斯(光4★89%)，紫苑(暗4★89%)"
1506,"新角色特选扭蛋","2022-06-02 12:00:00","2022-06-16 11:59:59","米娅(火5★12309%)，伊路米(雷5★12309%)，奈丝卡(雷4★14567%)，莉洁儿(光4★14567%)，涅迪(风3★6200%)"
124,"复刻角色特选扭蛋","2022-06-07 12:00:00","2022-06-15 11:59:59","玛丽娜(火5★43%)，赛法(水5★43%)，白(雷5★43%)，珂艾特(暗5★43%)，紫苑(暗4★89%)"
1507,"水属性特选扭蛋","2022-06-09 12:00:00","2022-06-16 11:59:59","拉绮夏(水5★5169%)，里姆尼斯(水5★5169%)，希丽奴(水5★5169%)，赛法(水5★5169%)，索妮雅(水5★5169%)，水善(水5★5169%)，蛟(水4★46670%)，莫迪亚迦(水4★46670%)，尤维尔(水4★46670%)，索维(水4★46670%)，萨尔(水4★46670%)，莉洁儿(水4★46670%)，亚美莉亚(水4★46670%)，爱丽丝(水4★46670%)，夏农(水4★46670%)，莉塔(水3★107650%)，纱玛莎(水3★107650%)，克菈菈(水3★107650%)，凯洛斯(水3★107650%)，崔丝塔(水3★107650%)，瓦尔塔(水3★107650%)，艾尔莎(水3★107650%)，克劳斯(水3★107650%)，白乃(水3★107650%)，诲谕(水3★107650%)，拉蒂(水3★107650%)，法夫(水3★107650%)，莉可(水3★107650%)"
125,"新角色特选扭蛋","2022-06-15 12:00:00","2022-06-30 11:59:59","无声铃鹿(风5★86%)，特别周(光5★86%)"
1508,"新角色特选扭蛋","2022-06-16 12:00:00","2022-06-30 11:59:59","爱丽丝(暗5★370%)，莉菈(光5★370%)，玛格丽特(暗4★1458%)，杰拉尔(水4★1458%)，芙拉娜(雷3★630%)"
1509,"雷属性特选扭蛋","2022-06-16 12:00:00","2022-06-23 11:59:59","牡丹(雷5★5327%)，塞拉(雷5★5327%)，巴拉克(雷5★5327%)，梅媞斯(雷5★5327%)，稻穗(雷5★5327%)，卡莉奥丝特罗(雷5★5327%)，罗塞莉亚(雷4★13438%)，露迪(雷4★13438%)，阿德尼(雷4★13438%)，拉姆斯(雷4★13438%)，露娜露(雷4★13438%)，雷吉斯(雷4★13438%)，艾琳诺儿(雷4★13438%)，米诺(雷4★13438%)，芙拉娜(雷3★24267%)，卑尔根(雷3★24267%)，芙拉(雷3★24267%)，优娜(雷3★24267%)，赫妮(雷3★24267%)，泰加(雷3★24267%)，黑(雷3★24267%)，阿尔伯特(雷3★24267%)，加津知(雷3★24267%)，泰奇安娜(雷3★24267%)，科特(雷3★24267%)，夏·丝丝(雷3★24267%)"
126,"复刻角色特选扭蛋","2022-06-22 12:00:00","2022-06-30 11:59:59","芙拉菲(风5★88%)，雷拉斯(水5★88%)，菲勒斯(光4★89%)"
1510,"新角色特选扭蛋","2022-06-23 12:00:00","2022-07-08 11:59:59","奥薇尔(光5★38%)，菲拉梅里亚(光5★38%)，布莱斯(暗4★34%)，仓丸(火4★34%)"
127,"新キャラピックアップガチャ","2022-06-30 12:00:00","2022-07-15 11:59:59","惠惠(火5★616%)，阿克娅(水5★616%)，达克妮丝(光5★616%)"
5026,"风属性装备特选扭蛋","2022-06-30 12:00:00","2022-07-29 11:59:59","?(??★14%)，?(??★14%)，?(??★44%)，?(??★44%)，?(??★729%)，?(??★729%)，?(??★729%)"
800007,"スターヒーローズガチャ","2022-06-30 12:00:00","2022-07-15 11:59:59","惠惠(火5★44%)，阿克娅(水5★44%)，达克妮丝(光5★44%)"
128,"复刻角色特选扭蛋","2022-07-07 12:00:00","2022-07-15 11:59:59","特拉埃蒂(水5★616%)，奥薇尔(光5★616%)，贝尔赛蒂亚(暗5★616%)，蕾维(火4★178%)，黑(雷4★178%)"
1511,"新角色特选扭蛋","2022-07-08 12:00:00","2022-07-21 11:59:59","源樱(水5★40%)，二阶堂咲(风5★40%)，夕雾(火4★53%)"
25008,"新装备特选扭蛋","2022-07-14 12:00:00","2022-07-21 11:59:59","?(??★30%)，?(??★2%)，?(??★24%)"
129,"新角色特选扭蛋","2022-07-15 12:00:00","2022-07-22 11:59:59","帕尔菲(火5★88%)，伊野里翔太(风5★88%)，皮西卡(水4★178%)，优娜(光4★178%)"
1512,"新角色特选扭蛋","2022-07-21 12:00:00","2022-08-04 11:59:59","星川莉莉(光5★40%)，绀野纯子(暗5★40%)，水野爱(雷4★53%)"
25009,"装备扭蛋","2022-07-21 12:00:00","2022-11-10 11:59:59",""
130,"复刻角色特选扭蛋","2022-07-22 12:00:00","2022-07-29 11:59:59","花火(火5★44%)，雷吉斯(雷5★44%)，希尔媞(风5★44%)，菲莉亚(光5★44%)，赛希莉亚(光4★178%)，厄莉(暗4★178%)"
131,"新角色特选扭蛋","2022-07-29 12:00:00","2022-08-08 11:59:59","贝瑞塔(雷5★616%)，斩铁(光5★616%)，普莉姆拉(暗5★616%)"
5027,"水属性装备特选扭蛋","2022-07-29 12:00:00","2022-08-31 11:59:59","?(??★91%)，?(??★91%)，?(??★91%)，?(??★357%)，?(??★357%)，?(??★357%)，?(??★169%)，?(??★169%)，?(??★169%)，?(??★169%)"
1513,"新角色特选扭蛋","2022-08-04 12:00:00","2022-08-18 11:59:59","蒂亚(暗5★120%)，法露伽(暗4★106%)，露娜露(雷4★106%)，可莉娜(光3★64%)"
800200,"夏日星之英雄扭蛋","2022-08-04 12:00:00","2022-08-11 11:59:59",""
132,"复刻角色特选扭蛋","2022-08-08 12:00:00","2022-08-15 11:59:59","玛丽安(火5★616%)，宗士郎(雷5★616%)，稻穗(光5★616%)，欧雷欧(雷4★89%)"
1514,"风属性特选扭蛋","2022-08-11 12:00:00","2022-08-18 11:59:59","可可萝(风5★1710%)，休尔特(风5★1710%)，米格里(风5★1710%)，西微(风5★1710%)，菲莉亚(风5★1710%)，雷恩(风5★1710%)，希尔媞(风5★1710%)，小羽(风4★15%)，凉风(风4★15%)，露(风4★15%)，米娅(风4★15%)，奥罗尔(风4★15%)，宗士郎(风4★15%)，梅露希儿(风4★15%)，赫尔加(风4★15%)，涅迪(风3★126%)，凯特(风3★126%)，伊凡(风3★126%)，茶露亚(风3★126%)，奈丝卡(风3★126%)，缪(风3★126%)，菲勒斯(风3★126%)，荷莉(风3★126%)，科那(风3★126%)，贾斯塔(风3★126%)"
133,"新角色特选扭蛋","2022-08-15 12:00:00","2022-08-23 11:59:59","卢卡(水5★88%)，拉普缇娜(雷5★88%)，法拉(水4★89%)"
1515,"新角色特选扭蛋","2022-08-18 12:00:00","2022-08-25 11:59:59","蒂妮(暗5★120%)，塞尔玛(暗4★901%)，妮可拉(火4★901%)，哈奥(风4★901%)"
134,"复刻角色特选扭蛋","2022-08-23 12:00:00","2022-08-31 11:59:59","诺埃妮(火5★89%)，艾莉亚(水5★89%)，璐璐卡(火4★1530%)，蕾贝卡(风4★1530%)，尤维尔(暗4★1530%)"
1516,"新角色特选扭蛋","2022-08-25 12:00:00","2022-09-08 11:59:59","艾丝缇莉艾尔(风5★41%)，艾迪凯斯(暗5★41%)，莉莉丝(光4★56%)"
135,"新角色特选扭蛋","2022-08-31 12:00:00","2022-09-07 11:59:59","玛格诺斯(火5★89%)，操里缘子(暗5★89%)，凉月(风4★10%)"
5028,"光属性装备特选扭蛋","2022-08-31 12:00:00","2022-09-30 11:59:59","?(??★91%)，?(??★91%)，?(??★91%)，?(??★357%)，?(??★357%)，?(??★357%)，?(??★169%)，?(??★169%)，?(??★169%)，?(??★169%)"
800008,"スターヒーローズガチャ","2022-08-31 12:00:00","2022-09-07 11:59:59","玛格诺斯(火5★89%)，操里缘子(暗5★89%)，凉月(风4★10%)"
1517,"光属性射击/特殊类型特选扭蛋","2022-09-01 12:00:00","2022-09-15 11:59:59","奥薇尔(光5★13%)，莉菈(光5★13%)，贝瑞塔(光5★13%)，奈芙提姆(光5★13%)，琪亚娜(光4★53%)，霍普(光4★53%)，伊路米(光4★53%)，艾莉亚(光4★53%)，玛格丽特(光3★63%)"
136,"复刻角色特选扭蛋","2022-09-07 12:00:00","2022-09-15 11:59:59","拉杰尔特(水5★30%)，爱丽丝(暗5★30%)，杰拉尔(水4★26%)，玛格丽特(暗4★26%)"
1518,"暗属性特选扭蛋","2022-09-08 12:00:00","2022-09-15 11:59:59",""
137,"新角色特选扭蛋","2022-09-15 12:00:00","2022-09-22 11:59:59","露米拉卡(雷5★30%)，伊莉诺雅(光5★30%)，艾尔梅丽莎(雷4★91%)"
1519,"新角色特选扭蛋","2022-09-15 12:00:00","2022-09-29 11:59:59","雷拉斯(水5★129%)，可莎(光3★64%)"
1520,"水属性特选扭蛋","2022-09-15 12:00:00","2022-09-22 11:59:59","雷拉斯(水5★351%)，拉绮夏(水5★351%)，里姆尼斯(水5★351%)，希丽奴(水5★351%)，赛法(水5★351%)，索妮雅(水5★351%)，水善(水5★351%)，蛟(水4★71%)，莫迪亚迦(水4★71%)，尤维尔(水4★71%)，索维(水4★71%)，萨尔(水4★71%)，莉洁儿(水4★71%)，亚美莉亚(水4★71%)，爱丽丝(水4★71%)，夏农(水4★71%)，莉塔(水3★533%)，纱玛莎(水3★533%)，克菈菈(水3★533%)，凯洛斯(水3★533%)，崔丝塔(水3★533%)，瓦尔塔(水3★533%)，艾尔莎(水3★533%)，克劳斯(水3★533%)，白乃(水3★533%)，诲谕(水3★533%)，拉蒂(水3★533%)，法夫(水3★533%)，莉可(水3★533%)"
138,"复刻角色特选扭蛋","2022-09-22 12:00:00","2022-09-30 11:59:59","蕾缇希娅(火5★46%)，休尔特(风5★46%)，涅特(光5★46%)，丛云(暗5★46%)"
1521,"新角色特选扭蛋","2022-09-29 12:00:00","2022-10-13 11:59:59","雷吉斯(雷5★132%)，薇薇(水4★38%)，梅克(光4★38%)，莉莉安(火3★65%)"
800201,"十一黄金周星之英雄扭蛋","2022-09-29 12:00:00","2022-10-06 11:59:59",""
139,"新角色特选扭蛋","2022-09-30 12:00:00","2022-10-07 11:59:59","黛妲莉亚(火5★644%)，塞利米尔(水5★644%)，真乃香(风5★644%)"
5029,"火属性装备特选扭蛋","2022-09-30 12:00:00","2022-10-31 11:59:59","?(??★91%)，?(??★91%)，?(??★91%)，?(??★44%)，?(??★44%)，?(??★729%)，?(??★729%)，?(??★729%)"
140,"复刻角色特选扭蛋","2022-10-07 12:00:00","2022-10-14 11:59:59","雷恩(风5★95%)，西微(风5★95%)，奈芙提姆(光5★95%)，稻穗(光5★95%)，白乃(水4★92%)"
1522,"新角色特选扭蛋","2022-10-13 12:00:00","2022-10-24 11:59:59","希尔媞(风5★308%)，菲莉亚(光5★308%)，花火(火5★308%)，赛希莉亚(光4★118%)，厄莉(暗4★118%)"
141,"新角色特选扭蛋","2022-10-14 12:00:00","2022-10-21 11:59:59","绮拉(雷5★95%)，希尔媞(暗5★95%)，绯河凛音(暗4★92%)"
142,"复刻角色特选扭蛋","2022-10-21 12:00:00","2022-10-31 11:59:59","蒂亚(暗5★285%)，露娜露(雷4★184%)，法露伽(暗4★184%)，可莉娜(光3★73%)"
1523,"周年庆特选扭蛋","2022-10-24 12:00:00","2022-10-31 11:59:59","奈芙提姆(光5★1834%)，希尔媞(风5★1834%)，菲莉亚(光5★1834%)，花火(火5★1834%)，赛希莉亚(光4★118%)，厄莉(暗4★118%)"
1524,"光属性角色特选扭蛋","2022-10-27 12:00:00","2022-11-03 11:59:59","奥薇尔(光5★227%)，菲拉梅里亚(光5★227%)，莉菈(光5★227%)，佩可莉姆(光5★227%)，里布拉姆(光5★227%)，贝瑞塔(光5★227%)，塔吉斯(光5★227%)，奈芙提姆(光5★227%)，拉杰尔特(光5★227%)，艾可莉儿(光5★227%)，梅克(光4★32%)，莉莉丝(光4★32%)，琪亚娜(光4★32%)，芙洛丽塔(光4★32%)，莱亚(光4★32%)，霍普(光4★32%)，伊路米(光4★32%)，杰拉尔(光4★32%)，艾莉亚(光4★32%)，芬(光4★32%)，绮拉(光4★32%)，可莎(光3★784%)，摩菈(光3★784%)，加萝(光3★784%)，可莉娜(光3★784%)，玛格丽特(光3★784%)，赛希莉亚(光3★784%)，欧雷欧(光3★784%)，劳尔(光3★784%)，米雷斯(光3★784%)，璐璐卡(光3★784%)"
143,"新キャラピックアップガチャ","2022-10-31 12:00:00","2022-11-15 11:59:59","ユノ(风5★95%)，アスタ(暗5★95%)"
1525,"火属性角色特选扭蛋","2022-10-31 12:00:00","2022-11-03 11:59:59","菊野(火5★78%)，罗尔夫(火5★78%)，瓦格纳(火5★78%)，玛丽娜(火5★78%)，克拉莉丝(火5★78%)，妮可拉(火4★92%)，仓丸(火4★92%)，娜希尔(火4★92%)，米尔米娜(火4★92%)，贝伊斯(火4★92%)，琪丽(火4★92%)，蕾维(火4★92%)，卡农(火4★92%)，阿赛尔(火4★92%)，碧安卡(火4★92%)，花火(火4★92%)，阿须桐丸(火4★92%)，格莱德(火4★92%)，莉莉安(火3★3%)，斯文(火3★3%)，哈丽莎(火3★3%)，可兰(火3★3%)，莉莉露(火3★3%)，梅米(火3★3%)，哈修(火3★3%)，仁(火3★3%)，特蕾涅(火3★3%)，吉斯拉多(火3★3%)，恩妮(火3★3%)，杰克(火3★3%)"
5030,"暗属性装备特选扭蛋","2022-10-31 12:00:00","2022-11-28 11:59:59","?(??★91%)，?(??★91%)，?(??★91%)，?(??★357%)，?(??★357%)，?(??★357%)，?(??★169%)，?(??★169%)，?(??★169%)，?(??★169%)"
1526,"圣诞角色特选扭蛋复刻","2022-11-03 12:00:00","2022-11-10 11:59:59","宗士郎(雷5★308%)，玛丽安(火5★308%)，稻穗(光5★308%)，欧雷欧(雷4★59%)"
1527,"新角色特选扭蛋","2022-11-03 12:00:00","2022-11-17 11:59:59","阿露姆(暗5★44%)，碧安卡(火5★44%)，特蕾涅(火4★118%)，阿德尼(雷4★118%)，梅利露(暗3★66%)"
144,"复刻角色特选扭蛋","2022-11-07 12:00:00","2022-11-15 11:59:59","碧安卡(火5★97%)，阿露姆(暗5★97%)，特蕾涅(火4★186%)，阿德尼(雷4★186%)，梅利露(暗3★73%)"
1528,"暗属性特选扭蛋","2022-11-10 12:00:00","2022-11-17 11:59:59","蒂妮(暗5★13653%)，奥莉维尔(暗5★13653%)，威隆(暗5★13653%)，塞尔玛(暗4★44149%)，赛吉尔(暗4★44149%)，布莱斯(暗4★44149%)，玛丽安(暗4★44149%)，安迪(暗4★44149%)，里昂(暗4★44149%)，法露伽(暗3★122%)，札里尔(暗3★122%)，紫苑(暗3★122%)，桃乐西亚(暗3★122%)，蕾贝卡(暗3★122%)"
25010,"新装备特选扭蛋","2022-11-10 12:00:00","2022-11-17 11:59:59","?(??★33%)，?(??★19%)，?(??★25%)"
145,"新角色特选扭蛋","2022-11-15 12:00:00","2022-11-22 11:59:59","泽菲尔(风5★95%)，埃尔摩尔(暗5★95%)，芙兰(风4★92%)"
1529,"新角色特选扭蛋","2022-11-17 12:00:00","2022-12-01 11:59:59","布茜(雷5★44%)，凉风(风5★44%)，崔丝塔(水4★118%)，托·蕾蕾妮(雷4★118%)"
1530,"复刻角色特选扭蛋","2022-11-17 12:00:00","2022-11-24 11:59:59","诺埃妮(火5★44%)，艾莉亚(水5★44%)，蕾贝卡(风4★1020%)，璐璐卡(火4★1020%)，尤维尔(暗4★1020%)"
25011,"装备扭蛋","2022-11-17 12:00:00","2023-02-02 11:59:59",""
146,"复刻角色特选扭蛋","2022-11-22 12:00:00","2022-11-28 11:59:59","托莉亚(火5★679%)，蒂亚(水5★679%)，里昂(暗5★679%)"
147,"流星祭扭蛋","2022-11-28 12:00:00","2022-12-06 11:59:59","夏尔(水5★97%)，尤维尔(光5★97%)，尼尔娅娜(暗5★97%)，威隆(暗5★97%)"
5031,"光属性装备特选扭蛋","2022-11-28 12:00:00","2022-12-31 11:59:59","?(??★91%)，?(??★91%)，?(??★91%)，?(??★357%)，?(??★357%)，?(??★357%)，?(??★169%)，?(??★169%)，?(??★169%)，?(??★169%)"
1531,"新角色特选扭蛋","2022-12-01 12:00:00","2022-12-15 11:59:59","艾莉亚(光5★132%)，芙洛丽塔(光4★60%)"
1532,"女性角色特选扭蛋","2022-12-01 12:00:00","2022-12-08 11:59:59","菊野(火5★504%)，赛法(水5★504%)，贝尔赛蒂亚(暗5★504%)，妮可拉(火4★207%)，夏·丝丝(雷3★492%)"
148,"复刻角色特选扭蛋","2022-12-06 12:00:00","2022-12-15 11:59:59","亚美莉亚(水5★97%)，艾丝缇莉艾尔(风5★97%)，奈芙提姆(光5★97%)，赛吉尔(暗5★97%)"
1533,"新角色特选扭蛋","2022-12-08 12:00:00","2022-12-15 11:59:59","托莉亚(火5★44%)，芙拉菲(风5★44%)，里卡尔德(风4★40%)，蒂蕾特(光4★40%)"
149,"新角色特选扭蛋","2022-12-15 12:00:00","2022-12-23 11:59:59","米娅(火5★97%)，菊野(光5★97%)，荷莉(暗4★31%)"
1534,"新角色特选扭蛋","2022-12-15 12:00:00","2022-12-29 11:59:59","爱蜜莉雅(水5★46%)，雷姆(水5★46%)，拉姆(风4★62%)"
150,"复刻角色特选扭蛋","2022-12-23 12:00:00","2022-12-31 11:59:59","雷拉斯(水5★97%)，芙拉菲(风5★97%)，菲勒斯(光4★31%)"
1535,"新角色特选扭蛋","2022-12-29 12:00:00","2023-01-05 11:59:59","洛蒂(雷5★46%)，燎(火5★46%)，艾蒂塔(雷4★124%)，爱德华(暗4★124%)"
151,"特选扭蛋","2022-12-31 12:00:00","2023-01-06 11:59:59","安巴赫(水5★658%)，见岛勇希(水5★658%)，玛姆娜莉亚(水5★658%)，法拉(水4★1530%)，鹰森诚司(水4★1530%)，莉洁儿(水4★1530%)，莉可(水3★213%)，法夫(水3★213%)"
152,"新角色特选扭蛋","2022-12-31 12:00:00","2023-01-06 11:59:59","见岛勇希(水5★679%)，兹茵可(雷5★679%)，希尔科哈雷(风5★679%)"
5032,"水属性装备特选扭蛋","2022-12-31 12:00:00","2023-01-31 11:59:59","?(??★91%)，?(??★91%)，?(??★91%)，?(??★357%)，?(??★357%)，?(??★357%)，?(??★169%)，?(??★169%)，?(??★169%)，?(??★169%)"
1536,"新角色特选扭蛋","2023-01-05 12:00:00","2023-01-12 11:59:59","珂艾特(暗5★16%)，谢胧(水5★16%)，米迪(风4★64%)，阿克塞姆(光3★66%)"
1539,"雷属性部分角色特选扭蛋","2023-01-05 12:00:00","2023-01-12 11:59:59","卡莉奥丝特罗(雷5★23%)，梅媞斯(雷5★23%)，塞拉(雷5★23%)，牡丹(雷5★23%)"
800202,"星之英雄扭蛋","2023-01-05 12:00:00","2023-01-12 11:59:59",""
153,"复刻角色特选扭蛋","2023-01-06 12:00:00","2023-01-16 11:59:59","布茜(雷5★97%)，凉风(风5★97%)，崔丝塔(水4★31%)"
1537,"新角色特选扭蛋","2023-01-12 12:00:00","2023-01-26 11:59:59","水善(火5★150%)，克劳斯(火3★67%)"
154,"新角色特选扭蛋","2023-01-16 12:00:00","2023-01-25 11:59:59","卡西瓦尔斯(雷5★97%)，塔娜奇埃拉(暗5★97%)，陈诗(火4★31%)"
155,"暗属性角色特选扭蛋","2023-01-16 12:00:00","2023-01-25 11:59:59",""
1540,"特选角色扭蛋","2023-01-19 12:00:00","2023-01-26 11:59:59","罗尔夫(火5★23%)，希丽奴(水5★23%)，巴拉克(雷5★23%)，西微(风5★23%)"
1541,"恭贺新年活动扭蛋","2023-01-19 12:00:00","2199-12-31 23:59:59",""
156,"特选扭蛋","2023-01-25 12:00:00","2023-01-31 11:59:59","拉普缇娜(雷5★16%)，白(雷5★16%)，梅姆拉姆(雷5★16%)，丝特莱纳(雷5★16%)"
1538,"新角色特选扭蛋","2023-01-26 12:00:00","2023-02-02 11:59:59","塞里奥尔(光5★50%)，梅尔维奥拉(暗5★50%)，特尔娜(雷4★65%)"
157,"流星祭扭蛋","2023-01-31 12:00:00","2023-02-07 11:59:59","丝缇涅尔(火5★721%)，莱特(光5★721%)，史黛拉(光5★721%)"
5033,"装备特选扭蛋","2023-01-31 12:00:00","2023-02-28 11:59:59","?(??★91%)，?(??★91%)，?(??★91%)，?(??★357%)，?(??★357%)，?(??★357%)，?(??★169%)，?(??★169%)，?(??★169%)，?(??★169%)"
1542,"新角色特选扭蛋","2023-02-02 12:00:00","2023-02-16 11:59:59","索妮雅(风5★364%)，蒂妮(暗5★364%)，哈里达尔(水5★364%)，鲁·鲁特(光3★67%)"
1543,"水属性部分角色特选扭蛋","2023-02-02 12:00:00","2023-02-09 11:59:59","索妮雅(水5★32%)，里姆尼斯(水5★32%)，拉绮夏(水5★32%)，雷拉斯(水5★32%)"
25012,"新装备特选扭蛋","2023-02-02 12:00:00","2023-02-09 11:59:59","?(??★36%)，?(??★20%)，?(??★26%)"
158,"光属性特选扭蛋","2023-02-07 12:00:00","2023-02-14 11:59:59","艾莉亚(光5★82%)，伊莉诺雅(光5★82%)，特别周(光5★82%)，奎茵薇德(光5★82%)，丝缇涅尔(光5★82%)，泽赫尔(光5★82%)，莲月(光5★82%)，塞里奥尔(光5★82%)，菲拉梅里亚(光5★82%)，奥薇尔(光5★82%)，莉菈(光5★82%)，佩可莉姆(光5★82%)，里布拉姆(光5★82%)，贝瑞塔(光5★82%)，塔吉斯(光5★82%)，艾可莉儿(光5★82%)，拉杰尔特(光5★82%)，奈芙提姆(光5★82%)，芙洛丽塔(光4★52%)，克拉尔缇(光4★52%)，卡菈薇娜(光4★52%)，萨莉哈(光4★52%)，菲妮(光4★52%)，蒂蕾特(光4★52%)，梅克(光4★52%)，莉莉丝(光4★52%)，琪亚娜(光4★52%)，芙洛丽塔(光4★52%)，伊路米(光4★52%)，霍普(光4★52%)，莱亚(光4★52%)，绮拉(光4★52%)，芬(光4★52%)，艾莉亚(光4★52%)，杰拉尔(光4★52%)，鲁·鲁特(光3★61%)，阿克塞姆(光3★61%)，可莎(光3★61%)，摩菈(光3★61%)，加萝(光3★61%)，璐璐卡(光3★61%)，米雷斯(光3★61%)，劳尔(光3★61%)，欧雷欧(光3★61%)，赛希莉亚(光3★61%)，玛格丽特(光3★61%)，可莉娜(光3★61%)"
1544,"特选角色扭蛋","2023-02-09 12:00:00","2023-02-16 11:59:59","奈芙提姆(光5★49%)，拉杰尔特(光5★49%)，卡菈(暗5★49%)，威隆(暗5★49%)"
25013,"装备扭蛋","2023-02-09 12:00:00","2023-08-09 11:59:59",""
159,"新角色特选扭蛋","2023-02-14 12:00:00","2023-02-21 11:59:59","蒂妮(雷5★33%)，布茜(风5★33%)，菲妮(水4★94%)"
160,"特选扭蛋","2023-02-14 12:00:00","2023-02-21 11:59:59","玛露琪亚(风5★16%)，美美(风5★16%)，涅维亚(风5★16%)，索妮雅(风5★16%)"
1545,"新角色特选扭蛋","2023-02-16 12:00:00","2023-02-22 11:59:59","兹茵可(雷5★371%)，涅维亚(风5★371%)，克亚雷(火5★371%)，伦达尔(暗4★22%)，塔尔哈(暗3★68%)"
1546,"特选角色扭蛋","2023-02-16 12:00:00","2023-02-23 11:59:59","稻穗(雷5★52%)，芙拉菲(风5★52%)，菲拉梅里亚(光5★52%)，蒂妮(暗5★52%)"
161,"复刻角色特选扭蛋","2023-02-21 12:00:00","2023-02-28 11:59:59","伊野里翔太(风5★33%)，莉莉丝(光5★33%)，阿赛尔(火4★188%)，奈丝卡(雷4★188%)"
1547,"新角色特选扭蛋","2023-02-22 12:00:00","2023-03-03 11:59:59","塞达(火5★56%)，贝阿朵丽丝(暗5★56%)，吉泽尔(雷4★134%)，塔维尔(暗4★134%)"
162,"新角色特选扭蛋","2023-02-28 12:00:00","2023-03-07 11:59:59","露涅塔(火5★693%)，朝户八重(风5★693%)，伊奥雷斯(暗5★693%)"
163,"特选扭蛋","2023-02-28 12:00:00","2023-03-07 11:59:59","玛格诺斯(火5★700%)，蕾缇希娅(火5★700%)，塞达(火5★700%)，娜希尔(火4★31%)"
5034,"装备特选扭蛋","2023-02-28 12:00:00","2023-03-31 11:59:59","?(??★91%)，?(??★91%)，?(??★91%)，?(??★357%)，?(??★357%)，?(??★357%)，?(??★169%)，?(??★169%)，?(??★169%)，?(??★169%)"
1548,"新角色特选扭蛋","2023-03-03 12:00:00","2023-03-09 11:59:59","斩铁(雷5★58%)，莲月(光5★58%)，皮亚莫(风4★46%)，菲妮(光4★46%)"
1549,"复刻角色特选扭蛋","2023-03-06 12:00:00","2023-03-09 11:59:59","奈芙提姆(光5★180%)"
164,"复刻角色特选扭蛋","2023-03-07 12:00:00","2023-03-14 11:59:59","玛丽娜(火5★714%)，赛法(水5★714%)，珂艾特(暗5★714%)，紫苑(暗4★94%)"
1550,"新角色特选扭蛋","2023-03-09 12:00:00","2023-03-24 11:59:59","亚美莉亚(水5★420%)，艾丝缇莉艾尔(风5★420%)，赛吉尔(暗5★420%)，舞姬(火4★71%)，科迪(暗3★69%)"
165,"新角色特选扭蛋","2023-03-14 12:00:00","2023-03-22 11:59:59","里布拉姆(雷5★34%)，罗尔夫(风5★34%)，英维特拉(雷4★94%)"
1551,"复刻角色特选扭蛋","2023-03-20 12:00:00","2023-03-24 11:59:59","雷吉斯(雷5★10%)，亚美莉亚(水5★10%)，艾丝缇莉艾尔(风5★10%)，赛吉尔(暗5★10%)，舞姬(火4★71%)，科迪(暗3★69%)"
166,"复刻角色特选扭蛋","2023-03-22 12:00:00","2023-03-31 11:59:59","塞拉(雷5★714%)，贝尔赛蒂亚(雷5★714%)，伊路米(雷5★714%)，皮西卡(水4★190%)，莉洁儿(光4★190%)"
1552,"复刻角色特选扭蛋","2023-03-24 12:00:00","2023-04-06 11:59:59","源樱(水5★10%)，二阶堂咲(风5★10%)，星川莉莉(光5★10%)，绀野纯子(暗5★10%)，夕雾(火4★144%)，水野爱(雷4★144%)"
1553,"特选角色扭蛋","2023-03-24 12:00:00","2023-03-30 11:59:59","布茜(雷5★59%)，洛蒂(雷5★59%)"
1554,"特选角色扭蛋","2023-03-30 12:00:00","2023-04-06 11:59:59","贝瑞塔(光5★59%)，奥薇尔(光5★59%)"
167,"流星祭扭蛋","2023-03-31 12:00:00","2023-04-07 11:59:59","索媞艾丝(水5★763%)，约翰逊王(雷5★763%)，菲莉亚(风5★763%)"
5035,"装备特选扭蛋","2023-03-31 12:00:00","2023-04-28 11:59:59","?(??★14%)，?(??★14%)，?(??★44%)，?(??★44%)，?(??★729%)，?(??★729%)，?(??★729%)"
1555,"复刻角色特选扭蛋","2023-04-06 12:00:00","2023-04-20 11:59:59","米娅(火5★420%)，伊路米(雷5★420%)，贝尔赛蒂亚(雷5★420%)，奈丝卡(雷4★144%)，莉洁儿(光4★144%)"
1556,"特选角色扭蛋","2023-04-06 12:00:00","2023-04-13 11:59:59","艾丝缇莉艾尔(风5★56%)，玛丽娜(火5★56%)，艾迪凯斯(暗5★56%)，塔吉斯(光5★56%)"
168,"特选扭蛋","2023-04-07 12:00:00","2023-04-14 11:59:59","卡西瓦尔斯(雷5★33%)，拉普缇娜(雷5★33%)，赫尔加(雷5★33%)，梅姆拉姆(雷5★33%)"
169,"特选扭蛋","2023-04-07 12:00:00","2023-04-14 11:59:59",""
1557,"新角色特选扭蛋","2023-04-13 12:00:00","2023-04-20 11:59:59","蕾缇希娅(火5★20%)，玛奇斯(雷5★20%)，珐颂(水4★48%)，萨莉哈(光4★48%)"
1559,"复刻角色特选扭蛋","2023-04-13 12:00:00","2023-04-27 11:59:59","爱丽丝(暗5★62%)，拉杰尔特(水5★62%)，玛格丽特(暗4★148%)，杰拉尔(水4★148%)"
170,"新角色特选扭蛋","2023-04-14 12:00:00","2023-04-21 11:59:59","拉夫马诺(光5★306%)，阿鲁玛德乌斯(暗4★95%)"
171,"特选扭蛋","2023-04-14 12:00:00","2023-04-21 11:59:59","斩铁(光5★721%)，奈芙提姆(光5★721%)，稻穗(光5★721%)，优娜(光4★32%)"
1558,"新角色特选扭蛋","2023-04-20 12:00:00","2023-05-04 11:59:59","莉莉丝(光5★434%)，塞拉(雷5★434%)，玛姆娜莉亚(水5★434%)，阿赛尔(火4★74%)，米蕾特(风3★70%)"
800203,"星之英雄扭蛋","2023-04-20 12:00:00","2023-04-27 11:59:59",""
172,"特选扭蛋","2023-04-21 12:00:00","2023-04-28 11:59:59","卢卡(水5★721%)，贾斯媞(水5★721%)，特拉埃蒂(水5★721%)"
1560,"复刻角色特选扭蛋","2023-04-27 12:00:00","2023-05-04 11:59:59","诺埃妮(火5★10%)，卡莉奥丝特罗(雷5★10%)，西微(风5★10%)，菲拉梅里亚(光5★10%)"
173,"新角色特选扭蛋","2023-04-28 12:00:00","2023-05-05 11:59:59","佩妮萝涅(火5★721%)，天羽凪莉(雷5★721%)，夕日野太一(风5★721%)"
174,"特选扭蛋","2023-04-28 12:00:00","2023-05-05 11:59:59","帕尔菲(火5★112%)，艾可莉儿(火5★112%)，米娅(火5★112%)"
5036,"装备特选扭蛋","2023-04-28 12:00:00","2023-05-31 11:59:59","?(??★91%)，?(??★91%)，?(??★91%)，?(??★44%)，?(??★44%)，?(??★729%)，?(??★729%)，?(??★729%)"
1561,"黄金周活动扭蛋","2023-04-29 05:00:00","2199-12-31 23:59:59",""
1562,"新角色特选扭蛋","2023-05-04 12:00:00","2023-05-18 11:59:59","艾可莉儿(火5★21%)，普莉姆拉(暗5★21%)，艾芙琳(水4★148%)，路马尔克(风4★148%)"
1563,"特选角色扭蛋","2023-05-04 12:00:00","2023-05-11 11:59:59","拉绮夏(水5★427%)，谢胧(水5★427%)，斩铁(雷5★427%)"
800204,"星之英雄扭蛋","2023-05-04 12:00:00","2023-05-11 11:59:59","艾可莉儿(火5★21%)，普莉姆拉(暗5★21%)，艾芙琳(水4★148%)，路马尔克(风4★148%)"
175,"特选扭蛋","2023-05-05 12:00:00","2023-05-15 11:59:59","花火(火5★742%)，雷吉斯(雷5★742%)，菲莉亚(光5★742%)"
1564,"特选角色扭蛋","2023-05-11 12:00:00","2023-05-18 11:59:59","菲莉亚(风5★10%)，梅尔维奥拉(暗5★10%)，罗尔夫(火5★10%)，拉杰尔特(光5★10%)"
176,"新角色特选扭蛋","2023-05-15 12:00:00","2023-05-22 11:59:59","妮丝艾丝(水5★318%)"
177,"特选扭蛋","2023-05-15 12:00:00","2023-05-22 11:59:59","拉杰尔特(水5★749%)，普莉姆拉(暗5★749%)，爱丽丝(暗5★749%)，白乃(水4★32%)"
1565,"新角色特选扭蛋","2023-05-18 12:00:00","2023-06-01 11:59:59","西微(风5★448%)，稻穗(光5★448%)，豪岚(风5★448%)，白乃(水4★76%)，露西尔(暗3★71%)"
178,"特选扭蛋","2023-05-22 12:00:00","2023-05-31 11:59:59","艾莉亚(水5★749%)，奥薇尔(光5★749%)，贝尔赛蒂亚(暗5★749%)，蕾维(火4★1632%)，璐璐卡(火4★1632%)，黑(雷4★1632%)"
1566,"特选角色扭蛋","2023-05-25 12:00:00","2023-06-01 11:59:59","希尔媞(风5★61%)，雷恩(风5★61%)，贝尔赛蒂亚(暗5★61%)，威隆(暗5★61%)"
179,"流星祭扭蛋","2023-05-31 12:00:00","2023-06-08 11:59:59","阿尔克(光5★7490%)，奈芙提姆(暗5★7490%)，莉莉丝(火5★7490%)，丝缇涅尔(火5★2889%)，夏尔(水5★2889%)，索媞艾丝(水5★2889%)，约翰逊王(雷5★2889%)，菲莉亚(风5★2889%)，尤维尔(光5★2889%)，史黛拉(光5★2889%)，莱特(光5★2889%)，威隆(暗5★2889%)，尼尔娅娜(暗5★2889%)"
5037,"装备特选扭蛋","2023-05-31 12:00:00","2023-06-30 11:59:59","?(??★91%)，?(??★91%)，?(??★91%)，?(??★357%)，?(??★357%)，?(??★357%)，?(??★169%)，?(??★169%)，?(??★169%)，?(??★169%)"
1567,"新角色特选扭蛋","2023-06-01 12:00:00","2023-06-16 11:59:59","奈芙提姆(光5★65%)，雷恩(风5★65%)，薇尔吉娅(暗4★76%)，菲·诺诺亚(雷3★72%)"
1568,"特选角色扭蛋","2023-06-01 12:00:00","2023-06-08 11:59:59","玛姆娜莉亚(水5★434%)，雷拉斯(水5★434%)，索妮雅(水5★434%)"
180,"特选扭蛋","2023-06-08 12:00:00","2023-06-16 11:59:59","托莉亚(火5★107%)，蒂亚(水5★107%)，赛希莉亚(光4★64%)，厄莉(暗4★64%)"
1570,"特选角色扭蛋","2023-06-08 12:00:00","2023-06-16 11:59:59","塞达(火5★434%)，燎(火5★434%)，克拉莉丝(火5★434%)"
181,"新角色特选扭蛋","2023-06-16 12:00:00","2023-06-23 11:59:59","澄波响(暗5★107%)，玛登(暗5★107%)"
182,"特选扭蛋","2023-06-16 12:00:00","2023-06-23 11:59:59","拉芙(暗5★763%)，赛吉尔(暗5★763%)，蒂妮(暗5★763%)，绯河凛音(暗4★64%)，法露伽(暗4★64%)"
1569,"新角色特选扭蛋","2023-06-16 12:00:00","2023-06-22 11:59:59","梅姆拉姆(雷5★455%)，泽赫尔(光5★455%)，丝特莱纳(雷5★455%)，阿福(雷4★77%)"
1572,"特选角色扭蛋","2023-06-16 12:00:00","2023-06-22 11:59:59","斩铁(雷5★455%)，兹茵可(雷5★455%)，塞拉(雷5★455%)"
1571,"新角色特选扭蛋","2023-06-22 12:00:00","2023-07-06 11:59:59","谢胧(水5★68%)，赫尔加(雷5★68%)，玛卡妮(风4★26%)"
183,"特选扭蛋","2023-06-23 12:00:00","2023-06-30 11:59:59","宗士郎(雷5★763%)，稻穗(光5★763%)，阿露姆(暗5★763%)，欧雷欧(雷4★64%)，特蕾涅(火4★64%)，梅利露(暗3★73%)"
184,"新角色特选扭蛋","2023-06-30 12:00:00","2023-07-07 11:59:59","岚梅(水5★109%)，玉子(光5★109%)"
185,"特选扭蛋","2023-06-30 12:00:00","2023-07-07 11:59:59",""
5038,"装备特选扭蛋","2023-06-30 12:00:00","2023-07-31 11:59:59","?(??★91%)，?(??★91%)，?(??★91%)，?(??★357%)，?(??★357%)，?(??★357%)，?(??★169%)，?(??★169%)，?(??★169%)，?(??★169%)"
1573,"特选角色扭蛋","2023-07-06 12:00:00","2023-07-10 11:59:59","奥莉维尔(暗5★64%)，卡菈(暗5★64%)，奥薇尔(光5★64%)，菊野(火5★64%)"
186,"特选扭蛋","2023-07-07 12:00:00","2023-07-14 11:59:59","西微(风5★777%)，雷恩(风5★777%)，贝瑞塔(雷5★777%)，杰拉尔(水4★64%)，玛格丽特(暗4★64%)"
1574,"新角色特选扭蛋","2023-07-10 12:00:00","2023-07-26 11:59:59","凉宫春日(火5★476%)，朝比奈实玖琉(光5★476%)，长门有希(水5★476%)，古泉一树(暗4★79%)"
187,"新角色特选扭蛋","2023-07-14 12:00:00","2023-07-21 11:59:59","珂艾特(火5★37%)，影丘龙一(水5★37%)"
188,"特选扭蛋","2023-07-14 12:00:00","2023-07-21 11:59:59","黛妲莉亚(火5★55%)，水善(火5★55%)，菊野(火5★55%)，琉农(火5★55%)，克劳斯(火3★73%)"
189,"特选扭蛋","2023-07-21 12:00:00","2023-07-31 11:59:59","玛丽安(火5★791%)，碧安卡(火5★791%)，菊野(光5★791%)，阿德尼(雷4★64%)，荷莉(暗4★64%)"
1575,"新角色特选扭蛋","2023-07-26 12:00:00","2023-08-09 11:59:59","莉菈(光5★68%)，拉芙(暗5★68%)，米尔米娜(风4★158%)，拉纳(水4★158%)"
1576,"复刻角色特选扭蛋","2023-07-26 12:00:00","2023-08-03 11:59:59","蒂亚(暗5★204%)，法露伽(暗4★158%)，露娜露(雷4★158%)，可莉娜(光3★73%)"
800205,"星之英雄扭蛋","2023-07-26 12:00:00","2023-08-03 11:59:59","莉菈(光5★68%)，拉芙(暗5★68%)，米尔米娜(风4★158%)，拉纳(水4★158%)"
190,"新角色特选扭蛋","2023-07-31 12:00:00","2023-08-07 11:59:59","提欧(雷5★113%)，操里缘子(风5★113%)"
191,"特选扭蛋","2023-07-31 12:00:00","2023-08-07 11:59:59",""
5039,"装备特选扭蛋","2023-07-31 12:00:00","2023-08-31 11:59:59","?(??★14%)，?(??★14%)，?(??★44%)，?(??★44%)，?(??★729%)，?(??★729%)，?(??★729%)"
192,"特选扭蛋","2023-08-07 12:00:00","2023-08-14 11:59:59","蒂亚(暗5★115%)，希尔媞(暗5★115%)，露娜露(雷4★32%)，可莉娜(光3★73%)"
1577,"新角色特选扭蛋","2023-08-09 12:00:00","2023-08-24 11:59:59","见岛勇希(水5★68%)，伊野里翔太(暗5★68%)，绯河凛音(火4★158%)，鹰森诚司(水4★158%)"
25014,"新装备特选扭蛋","2023-08-09 12:00:00","2023-08-24 11:59:59","?(??★39%)，?(??★21%)，?(??★27%)"
193,"新角色特选扭蛋","2023-08-14 12:00:00","2023-08-21 11:59:59","查特丽娜(暗5★345%)"
194,"特选扭蛋","2023-08-14 12:00:00","2023-08-21 11:59:59","绮拉(雷5★116%)，莉菈(光5★116%)，拉纳(水4★64%)，米尔米娜(风4★64%)"
1579,"复刻角色特选扭蛋","2023-08-17 12:00:00","2023-08-31 11:59:59","亚美莉亚(水5★490%)，艾丝缇莉艾尔(风5★490%)，赛吉尔(暗5★490%)"
195,"特选扭蛋","2023-08-21 12:00:00","2023-08-31 11:59:59","诺埃妮(火5★28%)，索妮雅(风5★28%)，希尔科哈雷(风5★28%)，蕾贝卡(风4★64%)，尤维尔(暗4★64%)"
1578,"新角色特选扭蛋","2023-08-24 12:00:00","2023-08-31 11:59:59","千岳十织(雷5★490%)，琉农(火5★490%)，芙拉克西斯(水5★490%)，影丘龙一(暗4★9%)"
25015,"装备扭蛋","2023-08-24 12:00:00","2023-10-05 11:59:59",""
196,"流星祭扭蛋","2023-08-31 12:00:00","2023-09-07 11:59:59","索维(水5★10556%)，塔吉斯(雷5★10556%)，芙拉菲(风5★10556%)，丝缇涅尔(火5★3132%)，莉莉丝(火5★3132%)，夏尔(水5★3132%)，索媞艾丝(水5★3132%)，约翰逊王(雷5★3132%)，菲莉亚(风5★3132%)，尤维尔(光5★3132%)，史黛拉(光5★3132%)，莱特(光5★3132%)，阿尔克(光5★3132%)，威隆(暗5★3132%)，尼尔娅娜(暗5★3132%)，奈芙提姆(暗5★3132%)"
1580,"新角色特选扭蛋","2023-08-31 12:00:00","2023-09-14 11:59:59","玛丽娜(火5★73%)，珂艾特(暗5★73%)，紫苑(暗4★82%)"
1581,"复刻角色特选扭蛋","2023-08-31 12:00:00","2023-09-07 11:59:59","雷吉斯(雷5★73%)，希尔媞(风5★73%)，菲莉亚(光5★73%)，花火(火5★73%)，赛希莉亚(光4★164%)，厄莉(暗4★164%)"
5040,"装备特选扭蛋","2023-08-31 12:00:00","2023-09-29 11:59:59","?(??★14%)，?(??★14%)，?(??★44%)，?(??★44%)，?(??★729%)，?(??★729%)，?(??★729%)"
80000,"群星扭蛋第一期","2023-08-31 12:00:00","2199-12-07 04:59:59","水善(火5★6059%)，碧安卡(火5★6059%)，花火(火5★6059%)，米娅(火5★6059%)，诺埃妮(火5★6059%)，玛丽安(火5★6059%)，拉杰尔特(水5★6059%)，艾莉亚(水5★6059%)，布茜(雷5★6059%)，雷吉斯(雷5★6059%)，贝尔赛蒂亚(雷5★6059%)，伊路米(雷5★6059%)，宗士郎(雷5★6059%)，索妮雅(风5★6059%)，凉风(风5★6059%)，希尔媞(风5★6059%)，艾莉亚(光5★6059%)，菲莉亚(光5★6059%)，奈芙提姆(光5★6059%)，稻穗(光5★6059%)，蒂妮(暗5★6059%)，阿露姆(暗5★6059%)，蒂亚(暗5★6059%)，爱丽丝(暗5★6059%)，特蕾涅(火4★41%)，璐璐卡(火4★41%)，崔丝塔(水4★41%)，杰拉尔(水4★41%)，阿德尼(雷4★41%)，露娜露(雷4★41%)，奈丝卡(雷4★41%)，欧雷欧(雷4★41%)，蕾贝卡(风4★41%)，芙洛丽塔(光4★41%)，赛希莉亚(光4★41%)，莉洁儿(光4★41%)，厄莉(暗4★41%)，法露伽(暗4★41%)，玛格丽特(暗4★41%)，尤维尔(暗4★41%)，克劳斯(火3★68109%)，可莉娜(光3★68109%)，梅利露(暗3★68109%)"
197,"特选扭蛋","2023-09-07 12:00:00","2023-09-14 11:59:59","希尔媞(风5★805%)，艾丝缇莉艾尔(风5★805%)，无声铃鹿(风5★805%)"
1582,"新角色特选扭蛋","2023-09-07 12:00:00","2023-09-21 11:59:59","白(雷5★73%)，赛法(水5★73%)，皮西卡(火4★82%)"
198,"新角色特选扭蛋","2023-09-14 12:00:00","2023-09-21 11:59:59","普·莉莉艾(水5★348%)"
1584,"新角色特选扭蛋","2023-09-19 12:00:00","2023-10-05 11:59:59","芙拉菲(风5★73%)，雷拉斯(水5★73%)，菲勒斯(光4★83%)"
800206,"星之英雄扭蛋","2023-09-19 12:00:00","2023-09-28 11:59:59","芙拉菲(风5★73%)，雷拉斯(水5★73%)，菲勒斯(光4★83%)"
199,"特选扭蛋","2023-09-21 12:00:00","2023-09-29 11:59:59","玛格诺斯(火5★39%)，谢胧(水5★39%)"
1583,"复刻角色特选扭蛋","2023-09-21 12:00:00","2023-09-28 11:59:59","阿露姆(暗5★73%)，碧安卡(火5★73%)，特蕾涅(火4★166%)，阿德尼(雷4★166%)，梅利露(暗3★73%)"
1585,"复刻角色特选扭蛋","2023-09-28 12:00:00","2023-10-05 11:59:59","玛丽安(火5★511%)，稻穗(光5★511%)，宗士郎(雷5★511%)，欧雷欧(雷4★83%)"
1586,"黄金周活动扭蛋","2023-09-29 05:00:00","2199-12-31 23:59:59",""
200,"新角色特选扭蛋","2023-09-29 12:00:00","2023-10-06 11:59:59","威尔弗雷德(火5★39%)，夏琳(雷5★39%)"
5041,"装备特选扭蛋","2023-09-29 12:00:00","2023-10-31 11:59:59","?(??★91%)，?(??★91%)，?(??★91%)，?(??★357%)，?(??★357%)，?(??★357%)，?(??★169%)，?(??★169%)，?(??★169%)，?(??★169%)"
1587,"新角色特选扭蛋","2023-10-05 12:00:00","2023-10-19 11:59:59","特拉埃蒂(水5★511%)，奥薇尔(光5★511%)，贝尔赛蒂亚(暗5★511%)，蕾维(火4★166%)，黑(雷4★166%)"
1588,"复刻角色特选扭蛋","2023-10-05 12:00:00","2023-10-12 11:59:59","诺埃妮(火5★73%)，艾莉亚(水5★73%)，布茜(雷5★73%)，凉风(风5★73%)，璐璐卡(火4★83%)，崔丝塔(水4★83%)，蕾贝卡(风4★83%)，尤维尔(暗4★83%)"
25016,"新装备特选扭蛋","2023-10-05 12:00:00","2023-10-19 11:59:59","?(??★42%)，?(??★22%)，?(??★28%)"
201,"特选扭蛋","2023-10-06 12:00:00","2023-10-13 11:59:59","米娅(火5★833%)，雷拉斯(水5★833%)，芙拉菲(风5★833%)，菲勒斯(光4★32%)"
202,"新角色特选扭蛋","2023-10-13 12:00:00","2023-10-23 11:59:59","画狂老人Z(风5★51%)"
203,"特选扭蛋","2023-10-13 12:00:00","2023-10-23 11:59:59","朝户八重(风5★58%)，无声铃鹿(风5★58%)，泽菲尔(风5★58%)，艾丝缇莉艾尔(风5★58%)"
1589,"新角色特选扭蛋","2023-10-19 12:00:00","2023-11-02 11:59:59","镜华(水5★511%)，未奏希(火5★511%)，美美(风5★511%)"
25017,"水属性装备特选扭蛋","2023-10-19 12:00:00","2023-11-02 11:59:59","?(??★42%)，?(??★22%)，?(??★702%)，?(??★702%)，?(??★702%)"
204,"特选扭蛋","2023-10-23 12:00:00","2023-10-31 11:59:59","特拉埃蒂(水5★840%)，布茜(雷5★840%)，凉风(风5★840%)，崔丝塔(水4★32%)"
205,"特选扭蛋","2023-10-23 12:00:00","2023-10-31 11:59:59",""
206,"新角色特选扭蛋","2023-10-31 12:00:00","2023-11-07 11:59:59","茶露亚(水5★360%)"
207,"特选扭蛋","2023-10-31 12:00:00","2023-11-07 11:59:59","亚美莉亚(水5★847%)，奈芙提姆(光5★847%)，里昂(暗5★847%)，紫苑(暗4★32%)"
5042,"装备特选扭蛋","2023-10-31 12:00:00","2023-11-30 11:59:59","?(??★91%)，?(??★91%)，?(??★91%)，?(??★44%)，?(??★44%)，?(??★729%)，?(??★729%)，?(??★729%)"
1590,"复刻角色特选扭蛋","2023-11-02 12:00:00","2023-11-16 11:59:59","爱蜜莉雅(水5★76%)，雷姆(水5★76%)，拉姆(风4★83%)"
25018,"风属性装备特选扭蛋","2023-11-02 12:00:00","2023-11-16 11:59:59","?(??★13%)，?(??★13%)，?(??★2%)，?(??★2%)，?(??★702%)，?(??★702%)，?(??★702%)"
208,"特选扭蛋","2023-11-07 12:00:00","2023-11-14 11:59:59","蕾缇希娅(火5★121%)，休尔特(风5★121%)，涅特(光5★121%)，丛云(暗5★121%)"
209,"新角色特选扭蛋","2023-11-14 12:00:00","2023-11-22 11:59:59","瓦格纳(火5★363%)"
210,"特选扭蛋","2023-11-14 12:00:00","2023-11-22 11:59:59",""
1591,"新角色特选扭蛋","2023-11-16 12:00:00","2023-11-29 11:59:59","蕾缇希娅(火5★76%)，涅特(光5★76%)，艾蕾吉娅(雷4★83%)"
25019,"光属性装备特选扭蛋","2023-11-16 12:00:00","2023-11-29 11:59:59","?(??★84%)，?(??★84%)，?(??★84%)，?(??★340%)，?(??★340%)，?(??★340%)，?(??★325%)，?(??★325%)，?(??★325%)，?(??★325%)"
211,"特选扭蛋","2023-11-22 12:00:00","2023-11-30 11:59:59","玛丽娜(火5★61%)，赛法(水5★61%)，白(雷5★61%)，珂艾特(暗5★61%)"
1592,"复刻角色特选扭蛋","2023-11-23 12:00:00","2023-12-07 11:59:59","艾莉亚(光5★228%)，芙洛丽塔(光4★28%)"
1593,"新角色特选扭蛋","2023-11-29 12:00:00","2023-12-14 11:59:59","安巴赫(水5★532%)，特克托(雷5★532%)，玛露琪亚(风5★532%)"
25020,"书本装备特选扭蛋","2023-11-29 12:00:00","2023-12-14 11:59:59","?(??★42%)，?(??★2%)，?(??★2%)，?(??★702%)，?(??★702%)，?(??★702%)"
212,"流星祭扭蛋","2023-11-30 12:00:00","2023-12-07 11:59:59","希尔媞(风5★6832%)，诺瓦(光5★6832%)，蕾薇(暗5★6832%)，莉莉丝(火5★1647%)，丝缇涅尔(火5★1647%)，索维(水5★1647%)，索媞艾丝(水5★1647%)，夏尔(水5★1647%)，塔吉斯(雷5★1647%)，约翰逊王(雷5★1647%)，芙拉菲(风5★1647%)，菲莉亚(风5★1647%)，阿尔克(光5★1647%)，史黛拉(光5★1647%)，莱特(光5★1647%)，尤维尔(光5★1647%)，奈芙提姆(暗5★1647%)，尼尔娅娜(暗5★1647%)，威隆(暗5★1647%)"
5043,"装备特选扭蛋","2023-11-30 12:00:00","2023-12-07 11:59:59","?(??★91%)，?(??★91%)，?(??★91%)，?(??★357%)，?(??★357%)，?(??★357%)，?(??★169%)，?(??★169%)，?(??★169%)，?(??★169%)"
80001,"群星扭蛋第二期","2023-12-07 05:00:00","2050-10-01 04:59:59","艾可莉儿(火5★79%)，水善(火5★79%)，碧安卡(火5★79%)，花火(火5★79%)，米娅(火5★79%)，诺埃妮(火5★79%)，玛丽安(火5★79%)，亚美莉亚(水5★79%)，拉杰尔特(水5★79%)，艾莉亚(水5★79%)，塞拉(雷5★79%)，布茜(雷5★79%)，雷吉斯(雷5★79%)，贝尔赛蒂亚(雷5★79%)，伊路米(雷5★79%)，宗士郎(雷5★79%)，雷恩(风5★79%)，西微(风5★79%)，艾丝缇莉艾尔(风5★79%)，索妮雅(风5★79%)，凉风(风5★79%)，希尔媞(风5★79%)，奈芙提姆(光5★79%)，稻穗(光5★79%)，莉莉丝(光5★79%)，艾莉亚(光5★79%)，菲莉亚(光5★79%)，奈芙提姆(光5★79%)，稻穗(光5★79%)，赛吉尔(暗5★79%)，蒂妮(暗5★79%)，阿露姆(暗5★79%)，蒂亚(暗5★79%)，爱丽丝(暗5★79%)，阿赛尔(火4★28%)，特蕾涅(火4★28%)，璐璐卡(火4★28%)，白乃(水4★28%)，崔丝塔(水4★28%)，杰拉尔(水4★28%)，阿德尼(雷4★28%)，露娜露(雷4★28%)，奈丝卡(雷4★28%)，欧雷欧(雷4★28%)，蕾贝卡(风4★28%)，芙洛丽塔(光4★28%)，赛希莉亚(光4★28%)，莉洁儿(光4★28%)，厄莉(暗4★28%)，法露伽(暗4★28%)，玛格丽特(暗4★28%)，尤维尔(暗4★28%)，克劳斯(火3★146%)，可莉娜(光3★146%)，梅利露(暗3★146%)"
213,"流星祭扭蛋","2023-12-07 12:00:00","2024-02-20 11:59:59","莉莉丝(火5★122%)，丝缇涅尔(火5★122%)，索维(水5★122%)，索媞艾丝(水5★122%)，夏尔(水5★122%)，塔吉斯(雷5★122%)，约翰逊王(雷5★122%)，希尔媞(风5★122%)，芙拉菲(风5★122%)，菲莉亚(风5★122%)，诺瓦(光5★122%)，阿尔克(光5★122%)，史黛拉(光5★122%)，莱特(光5★122%)，尤维尔(光5★122%)，蕾薇(暗5★122%)，奈芙提姆(暗5★122%)，尼尔娅娜(暗5★122%)，威隆(暗5★122%)"
214,"特选扭蛋","2023-12-07 12:00:00","2024-02-20 11:59:59",""
215,"特选扭蛋","2023-12-07 12:00:00","2024-02-20 11:59:59",""
216,"特选扭蛋","2023-12-07 12:00:00","2024-02-20 11:59:59",""
217,"特选扭蛋","2023-12-07 12:00:00","2024-02-20 11:59:59",""
218,"特选扭蛋","2023-12-07 12:00:00","2024-02-20 11:59:59",""
219,"特选扭蛋","2023-12-07 12:00:00","2024-02-20 11:59:59",""
1594,"复刻角色特选扭蛋","2023-12-07 12:00:00","2023-12-21 11:59:59","塞拉(雷5★553%)，莉莉丝(光5★553%)，艾可莉儿(火5★553%)，阿赛尔(火4★84%)"
5044,"装备扭蛋","2023-12-07 12:00:00","2024-02-20 11:59:59",""
1595,"新角色特选扭蛋","2023-12-14 12:00:00","2023-12-28 11:59:59","丛云(暗5★79%)，休尔特(风5★79%)，卡菈薇娜(光4★28%)"
25021,"装备特选扭蛋","2023-12-14 12:00:00","2023-12-28 11:59:59","?(??★42%)，?(??★2%)，?(??★2%)，?(??★81%)，?(??★81%)"
1596,"复刻角色特选扭蛋","2023-12-21 12:00:00","2024-01-04 11:59:59","雷恩(风5★79%)，奈芙提姆(光5★79%)，西微(风5★79%)，稻穗(光5★79%)，白乃(水4★85%)"
1597,"新角色特选扭蛋","2023-12-28 12:00:00","2024-01-11 11:59:59","贾斯媞(水5★948%)，丝缇涅尔(光5★632%)，克拉尔缇(光4★85%)"
25022,"装备特选扭蛋","2023-12-28 12:00:00","2024-01-11 11:59:59","?(??★45%)，?(??★23%)，?(??★29%)"
800207,"星之英雄扭蛋","2023-12-28 12:00:00","2024-01-04 11:59:59","贾斯媞(水5★948%)，丝缇涅尔(光5★632%)，克拉尔缇(光4★85%)"
1598,"复刻角色特选扭蛋","2024-01-04 12:00:00","2024-01-18 11:59:59","谢胧(水5★80%)，赫尔加(雷5★80%)"
1599,"新角色特选扭蛋","2024-01-11 12:00:00","2024-01-25 11:59:59","希尔狄嘉德(暗5★80%)，魏虎(火5★80%)，琳卡莉娜(雷4★86%)"
25023,"暗属性装备特选扭蛋","2024-01-11 12:00:00","2024-01-25 11:59:59","?(??★91%)，?(??★91%)，?(??★91%)，?(??★357%)，?(??★357%)，?(??★357%)，?(??★169%)，?(??★169%)，?(??★169%)，?(??★169%)"
1601,"复刻角色特选扭蛋","2024-01-18 12:00:00","2024-02-01 11:59:59","索妮雅(风5★82%)，蒂妮(暗5★82%)"
1602,"复刻角色特选扭蛋","2024-01-18 12:00:00","2024-02-01 11:59:59","莉菈(光5★82%)，拉芙(暗5★82%)，米尔米娜(风4★58%)，拉纳(水4★58%)"
800208,"星之英雄扭蛋","2024-01-18 12:00:00","2024-01-25 11:59:59","索妮雅(风5★82%)，蒂妮(暗5★82%)"
1603,"新角色特选扭蛋","2024-01-25 12:00:00","2024-02-08 11:59:59","奎茵薇德(光5★82%)，路易莉兹(暗5★82%)，奥涅斯特(雷4★29%)"
25024,"装备特选扭蛋","2024-01-25 12:00:00","2024-03-21 11:59:59","?(??★91%)，?(??★91%)，?(??★91%)"
1604,"复刻角色特选扭蛋","2024-02-01 12:00:00","2024-02-15 11:59:59","千岳十织(雷5★40%)，特克托(雷5★40%)，梅姆拉姆(雷5★40%)，丝特莱纳(雷5★40%)"
1605,"复刻角色特选扭蛋","2024-02-01 12:00:00","2024-02-15 11:59:59","水善(火5★36%)，克劳斯(火3★73%)"
1606,"新角色特选扭蛋","2024-02-08 12:00:00","2024-02-22 11:59:59","茧月(雷5★28%)，艾尔玛露(风5★28%)，珐洛洛(水4★88%)"
1612,"恭贺新年2024扭蛋","2024-02-09 05:00:00","2199-12-31 23:59:59",""
1607,"复刻角色特选扭蛋","2024-02-15 12:00:00","2024-02-29 11:59:59","米娅(火5★602%)，贝尔赛蒂亚(雷5★602%)，伊路米(雷5★602%)，奈丝卡(雷4★178%)，莉洁儿(光4★178%)"
80002,"群星扭蛋第三期","2024-02-22 05:00:00","2050-10-01 04:59:59","艾可莉儿(火5★86%)，水善(火5★86%)，碧安卡(火5★86%)，花火(火5★86%)，米娅(火5★86%)，诺埃妮(火5★86%)，玛丽安(火5★86%)，谢胧(水5★86%)，亚美莉亚(水5★86%)，拉杰尔特(水5★86%)，艾莉亚(水5★86%)，赫尔加(雷5★86%)，塞拉(雷5★86%)，布茜(雷5★86%)，雷吉斯(雷5★86%)，贝尔赛蒂亚(雷5★86%)，伊路米(雷5★86%)，宗士郎(雷5★86%)，雷恩(风5★86%)，西微(风5★86%)，艾丝缇莉艾尔(风5★86%)，索妮雅(风5★86%)，凉风(风5★86%)，希尔媞(风5★86%)，莉菈(光5★86%)，奈芙提姆(光5★86%)，稻穗(光5★86%)，莉莉丝(光5★86%)，艾莉亚(光5★86%)，菲莉亚(光5★86%)，奈芙提姆(光5★86%)，稻穗(光5★86%)，拉芙(暗5★86%)，赛吉尔(暗5★86%)，蒂妮(暗5★86%)，阿露姆(暗5★86%)，蒂亚(暗5★86%)，爱丽丝(暗5★86%)，阿赛尔(火4★89%)，特蕾涅(火4★89%)，璐璐卡(火4★89%)，拉纳(水4★89%)，白乃(水4★89%)，崔丝塔(水4★89%)，杰拉尔(水4★89%)，阿德尼(雷4★89%)，露娜露(雷4★89%)，奈丝卡(雷4★89%)，欧雷欧(雷4★89%)，米尔米娜(风4★89%)，蕾贝卡(风4★89%)，芙洛丽塔(光4★89%)，赛希莉亚(光4★89%)，莉洁儿(光4★89%)，厄莉(暗4★89%)，法露伽(暗4★89%)，玛格丽特(暗4★89%)，尤维尔(暗4★89%)，克劳斯(火3★146%)，可莉娜(光3★146%)，梅利露(暗3★146%)"
1608,"新角色特选扭蛋","2024-02-22 12:00:00","2024-02-29 11:59:59","托莉亚(火5★602%)，蒂亚(水5★602%)，里昂(暗5★602%)"
1609,"复刻角色特选扭蛋","2024-02-29 12:00:00","2024-03-07 11:59:59","亚美莉亚(水5★1806%)，艾丝缇莉艾尔(风5★1806%)，赛吉尔(暗5★1806%)"
1610,"复刻角色特选扭蛋","2024-02-29 12:00:00","2024-03-14 11:59:59","玛丽娜(火5★43%)，赛法(水5★43%)，白(雷5★43%)，珂艾特(暗5★43%)，紫苑(暗4★89%)"
1611,"新角色特选扭蛋","2024-03-07 12:00:00","2024-03-21 11:59:59","无声铃鹿(风5★86%)，特别周(光5★86%)"
1613,"新手降临角色特选扭蛋","2024-03-07 12:00:00","2199-12-31 23:59:59",""
1614,"复刻角色特选扭蛋","2024-03-14 12:00:00","2024-03-21 11:59:59","芙拉菲(风5★88%)，雷拉斯(水5★88%)，菲勒斯(光4★89%)"
1615,"新角色特选扭蛋","2024-03-21 12:00:00","2024-04-03 11:59:59","惠惠(火5★616%)，阿克娅(水5★616%)，达克妮丝(光5★616%)"
1616,"复刻角色特选扭蛋","2024-03-21 12:00:00","2024-03-28 11:59:59","特拉埃蒂(水5★616%)，奥薇尔(光5★616%)，贝尔赛蒂亚(暗5★616%)，蕾维(火4★178%)，黑(雷4★178%)"
25025,"风属性装备特选扭蛋","2024-03-21 12:00:00","2024-04-11 11:59:59","?(??★14%)，?(??★14%)，?(??★44%)，?(??★44%)，?(??★729%)，?(??★729%)，?(??★729%)"
1617,"新角色特选扭蛋","2024-03-28 12:00:00","2024-04-11 11:59:59","帕尔菲(火5★88%)，伊野里翔太(风5★88%)，皮西卡(水4★178%)，优娜(光4★178%)"
1618,"复刻角色特选扭蛋","2024-04-03 12:00:00","2024-04-11 11:59:59","花火(火5★44%)，雷吉斯(雷5★44%)，希尔媞(风5★44%)，菲莉亚(光5★44%)，赛希莉亚(光4★178%)，厄莉(暗4★178%)"
1619,"新角色特选扭蛋","2024-04-11 12:00:00","2024-04-25 11:59:59","贝瑞塔(雷5★616%)，斩铁(光5★616%)，普莉姆拉(暗5★616%)"
25026,"水属性装备特选扭蛋","2024-04-11 12:00:00","2024-05-09 11:59:59","?(??★91%)，?(??★91%)，?(??★91%)，?(??★357%)，?(??★357%)，?(??★357%)，?(??★169%)，?(??★169%)，?(??★169%)，?(??★169%)"
1620,"复刻角色特选扭蛋","2024-04-18 12:00:00","2024-04-25 11:59:59","玛丽安(火5★616%)，宗士郎(雷5★616%)，稻穗(光5★616%)，欧雷欧(雷4★89%)"
1621,"新角色特选扭蛋","2024-04-25 12:00:00","2024-05-09 11:59:59","卢卡(水5★88%)，拉普缇娜(雷5★88%)，法拉(水4★89%)"
1622,"五一黄金周2024扭蛋","2024-04-30 05:00:00","2199-12-31 23:59:59",""
1623,"复刻角色特选扭蛋","2024-05-02 12:00:00","2024-05-09 11:59:59","诺埃妮(火5★89%)，艾莉亚(水5★89%)，璐璐卡(火4★1530%)，蕾贝卡(风4★1530%)，尤维尔(暗4★1530%)"
1624,"新角色特选扭蛋","2024-05-09 12:00:00","2024-05-23 11:59:59","玛格诺斯(火5★89%)，操里缘子(暗5★89%)，凉月(风4★10%)"
25027,"光属性装备特选扭蛋","2024-05-09 12:00:00","2024-05-30 11:59:59","?(??★91%)，?(??★91%)，?(??★91%)，?(??★357%)，?(??★357%)，?(??★357%)，?(??★169%)，?(??★169%)，?(??★169%)，?(??★169%)"
800209,"星之英雄扭蛋","2024-05-09 12:00:00","2024-05-16 11:59:59","玛格诺斯(火5★89%)，操里缘子(暗5★89%)，凉月(风4★10%)"
1625,"复刻角色特选扭蛋","2024-05-16 12:00:00","2024-05-23 11:59:59","拉杰尔特(水5★30%)，爱丽丝(暗5★30%)，杰拉尔(水4★26%)，玛格丽特(暗4★26%)"
80003,"群星扭蛋第四期","2024-05-23 05:00:00","2050-10-01 04:59:59","蕾缇希娅(火5★60%)，玛丽娜(火5★60%)，艾可莉儿(火5★60%)，水善(火5★60%)，碧安卡(火5★60%)，花火(火5★60%)，米娅(火5★60%)，诺埃妮(火5★60%)，玛丽安(火5★60%)，特拉埃蒂(水5★60%)，雷拉斯(水5★60%)，赛法(水5★60%)，谢胧(水5★60%)，亚美莉亚(水5★60%)，拉杰尔特(水5★60%)，艾莉亚(水5★60%)，白(雷5★60%)，赫尔加(雷5★60%)，塞拉(雷5★60%)，布茜(雷5★60%)，雷吉斯(雷5★60%)，贝尔赛蒂亚(雷5★60%)，伊路米(雷5★60%)，宗士郎(雷5★60%)，芙拉菲(风5★60%)，雷恩(风5★60%)，西微(风5★60%)，艾丝缇莉艾尔(风5★60%)，索妮雅(风5★60%)，凉风(风5★60%)，希尔媞(风5★60%)，涅特(光5★60%)，奥薇尔(光5★60%)，莉菈(光5★60%)，奈芙提姆(光5★60%)，稻穗(光5★60%)，莉莉丝(光5★60%)，艾莉亚(光5★60%)，菲莉亚(光5★60%)，奈芙提姆(光5★60%)，稻穗(光5★60%)，贝尔赛蒂亚(暗5★60%)，珂艾特(暗5★60%)，拉芙(暗5★60%)，赛吉尔(暗5★60%)，蒂妮(暗5★60%)，阿露姆(暗5★60%)，蒂亚(暗5★60%)，爱丽丝(暗5★60%)，蕾维(火4★91%)，阿赛尔(火4★91%)，特蕾涅(火4★91%)，璐璐卡(火4★91%)，拉纳(水4★91%)，白乃(水4★91%)，崔丝塔(水4★91%)，杰拉尔(水4★91%)，黑(雷4★91%)，阿德尼(雷4★91%)，露娜露(雷4★91%)，奈丝卡(雷4★91%)，欧雷欧(雷4★91%)，米尔米娜(风4★91%)，蕾贝卡(风4★91%)，菲勒斯(光4★91%)，芙洛丽塔(光4★91%)，赛希莉亚(光4★91%)，莉洁儿(光4★91%)，紫苑(暗4★91%)，厄莉(暗4★91%)，法露伽(暗4★91%)，玛格丽特(暗4★91%)，尤维尔(暗4★91%)，克劳斯(火3★146%)，可莉娜(光3★146%)，梅利露(暗3★146%)"
1626,"新角色特选扭蛋","2024-05-23 12:00:00","2024-06-06 11:59:59","露米拉卡(雷5★30%)，伊莉诺雅(光5★30%)，艾尔梅丽莎(雷4★91%)"
1627,"复刻角色特选扭蛋","2024-05-23 12:00:00","2024-05-30 11:59:59","蕾缇希娅(火5★46%)，休尔特(风5★46%)，涅特(光5★46%)，丛云(暗5★46%)"
1628,"新角色特选扭蛋","2024-05-30 12:00:00","2024-06-13 11:59:59","黛妲莉亚(火5★644%)，塞利米尔(水5★644%)，真乃香(风5★644%)"
25028,"火属性装备特选扭蛋","2024-05-30 12:00:00","2024-06-20 11:59:59","?(??★91%)，?(??★91%)，?(??★91%)，?(??★44%)，?(??★44%)，?(??★729%)，?(??★729%)，?(??★729%)"
1629,"复刻角色特选扭蛋","2024-06-06 12:00:00","2024-06-13 11:59:59","雷恩(风5★95%)，西微(风5★95%)，奈芙提姆(光5★95%)，稻穗(光5★95%)，白乃(水4★92%)"
1630,"新角色特选扭蛋","2024-06-13 12:00:00","2024-06-27 11:59:59","绮拉(雷5★95%)，希尔媞(暗5★95%)，绯河凛音(暗4★92%)"
1631,"复刻角色特选扭蛋","2024-06-20 12:00:00","2024-06-27 11:59:59","蒂亚(暗5★285%)，露娜露(雷4★184%)，法露伽(暗4★184%)，可莉娜(光3★73%)"
25029,"暗属性装备特选扭蛋","2024-06-20 12:00:00","2024-07-11 11:59:59","?(??★91%)，?(??★91%)，?(??★91%)，?(??★357%)，?(??★357%)，?(??★357%)，?(??★169%)，?(??★169%)，?(??★169%)，?(??★169%)"
1632,"新角色特选扭蛋","2024-06-27 12:00:00","2024-07-11 11:59:59","泽菲尔(风5★95%)，埃尔摩尔(暗5★95%)，芙兰(风4★92%)"
1633,"复刻角色特选扭蛋","2024-06-27 12:00:00","2024-07-04 11:59:59","碧安卡(火5★97%)，阿露姆(暗5★97%)，特蕾涅(火4★186%)，阿德尼(雷4★186%)，梅利露(暗3★73%)"
1634,"复刻角色特选扭蛋","2024-07-04 12:00:00","2024-07-11 11:59:59","托莉亚(火5★679%)，蒂亚(水5★679%)，里昂(暗5★679%)"
80004,"群星扭蛋第五期","2024-07-11 05:00:00","2050-10-01 04:59:59","托莉亚(火5★194%)，蕾缇希娅(火5★194%)，玛丽娜(火5★194%)，艾可莉儿(火5★194%)，水善(火5★194%)，碧安卡(火5★194%)，花火(火5★194%)，米娅(火5★194%)，诺埃妮(火5★194%)，玛丽安(火5★194%)，蒂亚(水5★194%)，贾斯媞(水5★194%)，特拉埃蒂(水5★194%)，雷拉斯(水5★194%)，赛法(水5★194%)，谢胧(水5★194%)，亚美莉亚(水5★194%)，拉杰尔特(水5★194%)，艾莉亚(水5★194%)，白(雷5★194%)，赫尔加(雷5★194%)，塞拉(雷5★194%)，布茜(雷5★194%)，雷吉斯(雷5★194%)，贝尔赛蒂亚(雷5★194%)，伊路米(雷5★194%)，宗士郎(雷5★194%)，休尔特(风5★194%)，芙拉菲(风5★194%)，雷恩(风5★194%)，西微(风5★194%)，艾丝缇莉艾尔(风5★194%)，索妮雅(风5★194%)，凉风(风5★194%)，希尔媞(风5★194%)，涅特(光5★194%)，奥薇尔(光5★194%)，莉菈(光5★194%)，奈芙提姆(光5★194%)，稻穗(光5★194%)，莉莉丝(光5★194%)，艾莉亚(光5★194%)，菲莉亚(光5★194%)，奈芙提姆(光5★194%)，稻穗(光5★194%)，里昂(暗5★194%)，丛云(暗5★194%)，贝尔赛蒂亚(暗5★194%)，珂艾特(暗5★194%)，拉芙(暗5★194%)，赛吉尔(暗5★194%)，蒂妮(暗5★194%)，阿露姆(暗5★194%)，蒂亚(暗5★194%)，爱丽丝(暗5★194%)，蕾维(火4★31%)，阿赛尔(火4★31%)，特蕾涅(火4★31%)，璐璐卡(火4★31%)，拉纳(水4★31%)，白乃(水4★31%)，崔丝塔(水4★31%)，杰拉尔(水4★31%)，黑(雷4★31%)，阿德尼(雷4★31%)，露娜露(雷4★31%)，奈丝卡(雷4★31%)，欧雷欧(雷4★31%)，米尔米娜(风4★31%)，蕾贝卡(风4★31%)，菲勒斯(光4★31%)，芙洛丽塔(光4★31%)，赛希莉亚(光4★31%)，莉洁儿(光4★31%)，紫苑(暗4★31%)，厄莉(暗4★31%)，法露伽(暗4★31%)，玛格丽特(暗4★31%)，尤维尔(暗4★31%)，克劳斯(火3★146%)，可莉娜(光3★146%)，梅利露(暗3★146%)"
1635,"流星节扭蛋","2024-07-11 12:00:00","2024-07-25 11:59:59","夏尔(水5★97%)，尤维尔(光5★97%)，尼尔娅娜(暗5★97%)，威隆(暗5★97%)"
25030,"光属性装备特选扭蛋","2024-07-11 12:00:00","2024-08-16 11:59:59","?(??★91%)，?(??★91%)，?(??★91%)，?(??★357%)，?(??★357%)，?(??★357%)，?(??★169%)，?(??★169%)，?(??★169%)，?(??★169%)"
1636,"复刻角色特选扭蛋","2024-07-18 12:00:00","2024-08-01 11:59:59","亚美莉亚(水5★97%)，艾丝缇莉艾尔(风5★97%)，奈芙提姆(光5★97%)，赛吉尔(暗5★97%)"
1637,"新角色特选扭蛋","2024-07-25 12:00:00","2024-08-08 11:59:59","米娅(火5★97%)，菊野(光5★97%)，荷莉(暗4★31%)"
1638,"复刻角色特选扭蛋","2024-08-08 12:00:00","2024-08-16 11:59:59","雷拉斯(水5★97%)，芙拉菲(风5★97%)，菲勒斯(光4★31%)"
1639,"新角色特选扭蛋","2024-08-16 12:00:00","2024-08-29 11:59:59","见岛勇希(水5★679%)，兹茵可(雷5★679%)，希尔科哈雷(风5★679%)"
1640,"特选扭蛋","2024-08-16 12:00:00","2024-08-22 11:59:59","安巴赫(水5★658%)，见岛勇希(水5★658%)，玛姆娜莉亚(水5★658%)，法拉(水4★1530%)，鹰森诚司(水4★1530%)，莉洁儿(水4★1530%)，莉可(水3★213%)，法夫(水3★213%)"
25031,"水属性装备特选扭蛋","2024-08-16 12:00:00","2024-09-12 11:59:59","?(??★91%)，?(??★91%)，?(??★91%)，?(??★357%)，?(??★357%)，?(??★357%)，?(??★169%)，?(??★169%)，?(??★169%)，?(??★169%)"
1641,"复刻角色特选扭蛋","2024-08-22 12:00:00","2024-08-29 11:59:59","布茜(雷5★97%)，凉风(风5★97%)，崔丝塔(水4★31%)"
1642,"新角色特选扭蛋","2024-08-29 12:00:00","2024-09-12 11:59:59","卡西瓦尔斯(雷5★97%)，塔娜奇埃拉(暗5★97%)，陈诗(火4★31%)"
1643,"暗属性角色特选扭蛋","2024-08-29 12:00:00","2024-09-05 11:59:59",""
1644,"特选扭蛋","2024-09-05 12:00:00","2024-09-12 11:59:59","拉普缇娜(雷5★16%)，白(雷5★16%)，梅姆拉姆(雷5★16%)，丝特莱纳(雷5★16%)"
1645,"流星节扭蛋","2024-09-12 12:00:00","2024-09-27 11:59:59","丝缇涅尔(火5★721%)，莱特(光5★721%)，史黛拉(光5★721%)"
25032,"装备特选扭蛋","2024-09-12 12:00:00","2024-10-11 11:59:59","?(??★91%)，?(??★91%)，?(??★91%)，?(??★357%)，?(??★357%)，?(??★357%)，?(??★169%)，?(??★169%)，?(??★169%)，?(??★169%)"
1646,"光属性特选扭蛋","2024-09-19 12:00:00","2024-09-27 11:59:59","艾莉亚(光5★82%)，伊莉诺雅(光5★82%)，特别周(光5★82%)，奎茵薇德(光5★82%)，丝缇涅尔(光5★82%)，泽赫尔(光5★82%)，莲月(光5★82%)，塞里奥尔(光5★82%)，菲拉梅里亚(光5★82%)，奥薇尔(光5★82%)，莉菈(光5★82%)，佩可莉姆(光5★82%)，里布拉姆(光5★82%)，贝瑞塔(光5★82%)，塔吉斯(光5★82%)，艾可莉儿(光5★82%)，拉杰尔特(光5★82%)，奈芙提姆(光5★82%)，芙洛丽塔(光4★52%)，克拉尔缇(光4★52%)，卡菈薇娜(光4★52%)，萨莉哈(光4★52%)，菲妮(光4★52%)，蒂蕾特(光4★52%)，梅克(光4★52%)，莉莉丝(光4★52%)，琪亚娜(光4★52%)，芙洛丽塔(光4★52%)，伊路米(光4★52%)，霍普(光4★52%)，莱亚(光4★52%)，绮拉(光4★52%)，芬(光4★52%)，艾莉亚(光4★52%)，杰拉尔(光4★52%)，鲁·鲁特(光3★61%)，阿克塞姆(光3★61%)，可莎(光3★61%)，摩菈(光3★61%)，加萝(光3★61%)，璐璐卡(光3★61%)，米雷斯(光3★61%)，劳尔(光3★61%)，欧雷欧(光3★61%)，赛希莉亚(光3★61%)，玛格丽特(光3★61%)，可莉娜(光3★61%)"
1647,"新角色特选扭蛋","2024-09-27 12:00:00","2024-10-11 11:59:59","蒂妮(雷5★33%)，布茜(风5★33%)，菲妮(水4★94%)"
1648,"特选扭蛋","2024-09-27 12:00:00","2024-10-03 11:59:59","玛露琪亚(风5★16%)，美美(风5★16%)，涅维亚(风5★16%)，索妮雅(风5★16%)"
1650,"复刻角色特选扭蛋","2024-10-03 12:00:00","2024-10-11 11:59:59","伊野里翔太(风5★33%)，莉莉丝(光5★33%)，阿赛尔(火4★188%)，奈丝卡(雷4★188%)"
1651,"新角色特选扭蛋","2024-10-11 12:00:00","2024-10-24 11:59:59","露涅塔(火5★693%)，朝户八重(风5★693%)，伊奥雷斯(暗5★693%)"
25033,"装备特选扭蛋","2024-10-11 12:00:00","2024-11-07 11:59:59","?(??★91%)，?(??★91%)，?(??★91%)，?(??★357%)，?(??★357%)，?(??★357%)，?(??★169%)，?(??★169%)，?(??★169%)，?(??★169%)"
1652,"特选扭蛋","2024-10-17 12:00:00","2024-10-24 11:59:59","玛格诺斯(火5★700%)，蕾缇希娅(火5★700%)，塞达(火5★700%)，娜希尔(火4★31%)"
1653,"新角色特选扭蛋","2024-10-24 12:00:00","2024-11-07 11:59:59","里布拉姆(雷5★34%)，罗尔夫(风5★34%)，英维特拉(雷4★94%)"
1654,"复刻角色特选扭蛋","2024-10-24 12:00:00","2024-10-31 11:59:59","玛丽娜(火5★714%)，赛法(水5★714%)，珂艾特(暗5★714%)，紫苑(暗4★94%)"
1655,"复刻角色特选扭蛋","2024-10-31 12:00:00","2024-11-07 11:59:59","塞拉(雷5★714%)，贝尔赛蒂亚(雷5★714%)，伊路米(雷5★714%)，皮西卡(水4★190%)，莉洁儿(光4★190%)"
1656,"流星节扭蛋","2024-11-07 12:00:00","2024-11-21 11:59:59","索媞艾丝(水5★763%)，约翰逊王(雷5★763%)，菲莉亚(风5★763%)"
1657,"特选扭蛋","2024-11-07 12:00:00","2024-11-14 11:59:59","卡西瓦尔斯(雷5★33%)，拉普缇娜(雷5★33%)，赫尔加(雷5★33%)，梅姆拉姆(雷5★33%)"
25034,"装备特选扭蛋","2024-11-07 12:00:00","2024-12-05 11:59:59","?(??★14%)，?(??★14%)，?(??★44%)，?(??★44%)，?(??★729%)，?(??★729%)，?(??★729%)"
1658,"特选扭蛋","2024-11-14 12:00:00","2024-11-21 11:59:59",""
1659,"新角色特选扭蛋","2024-11-21 12:00:00","2024-12-05 11:59:59","拉夫马诺(光5★306%)，阿鲁玛德乌斯(暗4★95%)"
1660,"特选扭蛋","2024-11-21 12:00:00","2024-11-28 11:59:59","斩铁(光5★721%)，奈芙提姆(光5★721%)，稻穗(光5★721%)，优娜(光4★32%)"
1661,"特选扭蛋","2024-11-28 12:00:00","2024-12-05 11:59:59","卢卡(水5★721%)，贾斯媞(水5★721%)，特拉埃蒂(水5★721%)"
1662,"新角色特选扭蛋","2024-12-05 12:00:00","2024-12-19 11:59:59","佩妮萝涅(火5★721%)，天羽凪莉(雷5★721%)，夕日野太一(风5★721%)"
1663,"特选扭蛋","2024-12-05 12:00:00","2024-12-12 11:59:59","帕尔菲(火5★112%)，艾可莉儿(火5★112%)，米娅(火5★112%)"
25035,"装备特选扭蛋","2024-12-05 12:00:00","2025-01-02 11:59:59","?(??★91%)，?(??★91%)，?(??★91%)，?(??★44%)，?(??★44%)，?(??★729%)，?(??★729%)，?(??★729%)"
1664,"特选扭蛋","2024-12-12 12:00:00","2024-12-19 11:59:59","花火(火5★742%)，雷吉斯(雷5★742%)，菲莉亚(光5★742%)"
1665,"新角色特选扭蛋","2024-12-19 12:00:00","2025-01-02 11:59:59","妮丝艾丝(水5★318%)"
1666,"特选扭蛋","2024-12-19 12:00:00","2024-12-25 11:59:59","拉杰尔特(水5★749%)，普莉姆拉(暗5★749%)，爱丽丝(暗5★749%)，白乃(水4★32%)"
1667,"特选扭蛋","2024-12-25 12:00:00","2025-01-02 11:59:59","艾莉亚(水5★749%)，奥薇尔(光5★749%)，贝尔赛蒂亚(暗5★749%)，蕾维(火4★1632%)，璐璐卡(火4★1632%)，黑(雷4★1632%)"
1668,"流星节扭蛋","2025-01-02 12:00:00","2025-01-16 11:59:59","阿尔克(光5★7490%)，奈芙提姆(暗5★7490%)，莉莉丝(火5★7490%)，丝缇涅尔(火5★2889%)，夏尔(水5★2889%)，索媞艾丝(水5★2889%)，约翰逊王(雷5★2889%)，菲莉亚(风5★2889%)，尤维尔(光5★2889%)，史黛拉(光5★2889%)，莱特(光5★2889%)，威隆(暗5★2889%)，尼尔娅娜(暗5★2889%)"
25036,"装备特选扭蛋","2025-01-02 12:00:00","2025-01-30 11:59:59","?(??★91%)，?(??★91%)，?(??★91%)，?(??★357%)，?(??★357%)，?(??★357%)，?(??★169%)，?(??★169%)，?(??★169%)，?(??★169%)"
1669,"特选扭蛋","2025-01-09 12:00:00","2025-01-23 11:59:59","托莉亚(火5★107%)，蒂亚(水5★107%)，赛希莉亚(光4★64%)，厄莉(暗4★64%)"
1670,"新角色特选扭蛋","2025-01-16 12:00:00","2025-01-30 11:59:59","澄波响(暗5★107%)，玛登(暗5★107%)"
1671,"特选扭蛋","2025-01-16 12:00:00","2025-01-23 11:59:59","拉芙(暗5★763%)，赛吉尔(暗5★763%)，蒂妮(暗5★763%)，绯河凛音(暗4★64%)，法露伽(暗4★64%)"
1672,"特选扭蛋","2025-01-23 12:00:00","2025-01-30 11:59:59","宗士郎(雷5★763%)，稻穗(光5★763%)，阿露姆(暗5★763%)，欧雷欧(雷4★64%)，特蕾涅(火4★64%)，梅利露(暗3★73%)"
1673,"新角色特选扭蛋","2025-01-30 12:00:00","2025-02-13 11:59:59","岚梅(水5★109%)，玉子(光5★109%)"
1674,"特选扭蛋","2025-01-30 12:00:00","2025-02-06 11:59:59",""
25037,"装备特选扭蛋","2025-01-30 12:00:00","2025-02-27 11:59:59","?(??★91%)，?(??★91%)，?(??★91%)，?(??★357%)，?(??★357%)，?(??★357%)，?(??★169%)，?(??★169%)，?(??★169%)，?(??★169%)"
1676,"特选扭蛋","2025-02-06 12:00:00","2025-02-13 11:59:59","西微(风5★777%)，雷恩(风5★777%)，贝瑞塔(雷5★777%)，杰拉尔(水4★64%)，玛格丽特(暗4★64%)"
1677,"新角色特选扭蛋","2025-02-13 12:00:00","2025-02-27 11:59:59","珂艾特(火5★37%)，影丘龙一(水5★37%)"
1678,"特选扭蛋","2025-02-13 12:00:00","2025-02-20 11:59:59","黛妲莉亚(火5★55%)，水善(火5★55%)，菊野(火5★55%)，琉农(火5★55%)，克劳斯(火3★73%)"
1679,"特选扭蛋","2025-02-20 12:00:00","2025-03-06 11:59:59","玛丽安(火5★791%)，碧安卡(火5★791%)，菊野(光5★791%)，阿德尼(雷4★64%)，荷莉(暗4★64%)"
1680,"新角色特选扭蛋","2025-02-27 12:00:00","2025-03-13 11:59:59","提欧(雷5★113%)，操里缘子(风5★113%)"
1681,"特选扭蛋","2025-02-27 12:00:00","2025-03-06 11:59:59",""
25038,"装备特选扭蛋","2025-02-27 12:00:00","2025-03-27 11:59:59","?(??★14%)，?(??★14%)，?(??★44%)，?(??★44%)，?(??★729%)，?(??★729%)，?(??★729%)"
1682,"特选扭蛋","2025-03-06 12:00:00","2025-03-13 11:59:59","蒂亚(暗5★115%)，希尔媞(暗5★115%)，露娜露(雷4★32%)，可莉娜(光3★73%)"
1683,"新角色特选扭蛋","2025-03-13 12:00:00","2025-03-27 11:59:59","查特丽娜(暗5★345%)"
1684,"特选扭蛋","2025-03-13 12:00:00","2025-03-20 11:59:59","绮拉(雷5★116%)，莉菈(光5★116%)，拉纳(水4★64%)，米尔米娜(风4★64%)"
1685,"特选扭蛋","2025-03-20 12:00:00","2025-03-27 11:59:59","诺埃妮(火5★28%)，索妮雅(风5★28%)，希尔科哈雷(风5★28%)，蕾贝卡(风4★64%)，尤维尔(暗4★64%)"
1686,"流星节扭蛋","2025-03-27 12:00:00","2025-04-10 11:59:59","索维(水5★10556%)，塔吉斯(雷5★10556%)，芙拉菲(风5★10556%)，丝缇涅尔(火5★3132%)，莉莉丝(火5★3132%)，夏尔(水5★3132%)，索媞艾丝(水5★3132%)，约翰逊王(雷5★3132%)，菲莉亚(风5★3132%)，尤维尔(光5★3132%)，史黛拉(光5★3132%)，莱特(光5★3132%)，阿尔克(光5★3132%)，威隆(暗5★3132%)，尼尔娅娜(暗5★3132%)，奈芙提姆(暗5★3132%)"
25039,"装备特选扭蛋","2025-03-27 12:00:00","2025-04-24 11:59:59","?(??★14%)，?(??★14%)，?(??★44%)，?(??★44%)，?(??★729%)，?(??★729%)，?(??★729%)"
1687,"特选扭蛋","2025-04-03 12:00:00","2025-04-10 11:59:59","希尔媞(风5★805%)，艾丝缇莉艾尔(风5★805%)，无声铃鹿(风5★805%)"
1688,"新角色特选扭蛋","2025-04-10 12:00:00","2025-04-24 11:59:59","普·莉莉艾(水5★348%)"
1689,"特选扭蛋","2025-04-17 12:00:00","2025-04-24 11:59:59","玛格诺斯(火5★39%)，谢胧(水5★39%)"
1690,"新角色特选扭蛋","2025-04-24 12:00:00","2025-05-08 11:59:59","威尔弗雷德(火5★39%)，夏琳(雷5★39%)"
25040,"装备特选扭蛋","2025-04-24 12:00:00","2025-05-22 11:59:59","?(??★91%)，?(??★91%)，?(??★91%)，?(??★357%)，?(??★357%)，?(??★357%)，?(??★169%)，?(??★169%)，?(??★169%)，?(??★169%)"
1691,"特选扭蛋","2025-05-01 12:00:00","2025-05-08 11:59:59","米娅(火5★833%)，雷拉斯(水5★833%)，芙拉菲(风5★833%)，菲勒斯(光4★32%)"
1692,"新角色特选扭蛋","2025-05-08 12:00:00","2025-05-22 11:59:59","画狂老人Z(风5★51%)"
1693,"特选扭蛋","2025-05-08 12:00:00","2025-05-15 11:59:59","朝户八重(风5★58%)，无声铃鹿(风5★58%)，泽菲尔(风5★58%)，艾丝缇莉艾尔(风5★58%)"
1694,"特选扭蛋","2025-05-15 12:00:00","2025-05-22 11:59:59","特拉埃蒂(水5★840%)，布茜(雷5★840%)，凉风(风5★840%)，崔丝塔(水4★32%)"
1695,"特选扭蛋","2025-05-15 12:00:00","2025-05-22 11:59:59",""
1696,"新角色特选扭蛋","2025-05-22 12:00:00","2025-06-05 11:59:59","茶露亚(水5★360%)"
1697,"特选扭蛋","2025-05-22 12:00:00","2025-05-29 11:59:59","亚美莉亚(水5★847%)，奈芙提姆(光5★847%)，里昂(暗5★847%)，紫苑(暗4★32%)"
25041,"装备特选扭蛋","2025-05-22 12:00:00","2025-06-19 11:59:59","?(??★91%)，?(??★91%)，?(??★91%)，?(??★44%)，?(??★44%)，?(??★729%)，?(??★729%)，?(??★729%)"
1698,"特选扭蛋","2025-05-29 12:00:00","2025-06-05 11:59:59","蕾缇希娅(火5★121%)，休尔特(风5★121%)，涅特(光5★121%)，丛云(暗5★121%)"
1700,"新角色特选扭蛋","2025-06-05 12:00:00","2025-06-19 11:59:59","瓦格纳(火5★363%)"
1701,"特选扭蛋","2025-06-05 12:00:00","2025-06-12 11:59:59",""
1702,"特选扭蛋","2025-06-12 12:00:00","2025-06-19 11:59:59","玛丽娜(火5★61%)，赛法(水5★61%)，白(雷5★61%)，珂艾特(暗5★61%)"
1703,"流星节扭蛋","2025-06-19 12:00:00","2025-07-03 11:59:59","希尔媞(风5★6832%)，诺瓦(光5★6832%)，蕾薇(暗5★6832%)，莉莉丝(火5★1647%)，丝缇涅尔(火5★1647%)，索维(水5★1647%)，索媞艾丝(水5★1647%)，夏尔(水5★1647%)，塔吉斯(雷5★1647%)，约翰逊王(雷5★1647%)，芙拉菲(风5★1647%)，菲莉亚(风5★1647%)，阿尔克(光5★1647%)，史黛拉(光5★1647%)，莱特(光5★1647%)，尤维尔(光5★1647%)，奈芙提姆(暗5★1647%)，尼尔娅娜(暗5★1647%)，威隆(暗5★1647%)"
25042,"装备特选扭蛋","2025-06-19 12:00:00","2025-06-26 11:59:59","?(??★91%)，?(??★91%)，?(??★91%)，?(??★357%)，?(??★357%)，?(??★357%)，?(??★169%)，?(??★169%)，?(??★169%)，?(??★169%)"
1705,"特选扭蛋","2025-06-26 12:00:00","2025-08-14 23:59:59",""
1706,"特选扭蛋","2025-06-26 12:00:00","2025-08-14 23:59:59",""
1707,"特选扭蛋","2025-06-26 12:00:00","2025-08-14 23:59:59",""
1708,"特选扭蛋","2025-06-26 12:00:00","2025-08-14 23:59:59",""
1709,"特选扭蛋","2025-06-26 12:00:00","2025-08-14 23:59:59",""
1710,"特选扭蛋","2025-06-26 12:00:00","2025-08-14 23:59:59",""
25043,"装备扭蛋","2025-06-26 12:00:00","2025-08-14 23:59:59",""
1704,"流星节扭蛋","2025-07-03 12:00:00","2025-08-14 23:59:59","莉莉丝(火5★122%)，丝缇涅尔(火5★122%)，索维(水5★122%)，索媞艾丝(水5★122%)，夏尔(水5★122%)，塔吉斯(雷5★122%)，约翰逊王(雷5★122%)，希尔媞(风5★122%)，芙拉菲(风5★122%)，菲莉亚(风5★122%)，诺瓦(光5★122%)，阿尔克(光5★122%)，史黛拉(光5★122%)，莱特(光5★122%)，尤维尔(光5★122%)，蕾薇(暗5★122%)，奈芙提姆(暗5★122%)，尼尔娅娜(暗5★122%)，威隆(暗5★122%)"
700000,"カムバック扭蛋","2099-11-27 12:00:00","2199-12-31 23:59:59","水善(火5★6059%)，碧安卡(火5★6059%)，花火(火5★6059%)，米娅(火5★6059%)，诺埃妮(火5★6059%)，玛丽安(火5★6059%)，拉杰尔特(水5★6059%)，艾莉亚(水5★6059%)，布茜(雷5★6059%)，雷吉斯(雷5★6059%)，贝尔赛蒂亚(雷5★6059%)，伊路米(雷5★6059%)，宗士郎(雷5★6059%)，索妮雅(风5★6059%)，凉风(风5★6059%)，希尔媞(风5★6059%)，艾莉亚(光5★6059%)，菲莉亚(光5★6059%)，奈芙提姆(光5★6059%)，稻穗(光5★6059%)，蒂妮(暗5★6059%)，阿露姆(暗5★6059%)，蒂亚(暗5★6059%)，爱丽丝(暗5★6059%)，特蕾涅(火4★41%)，璐璐卡(火4★41%)，崔丝塔(水4★41%)，杰拉尔(水4★41%)，阿德尼(雷4★41%)，露娜露(雷4★41%)，奈丝卡(雷4★41%)，欧雷欧(雷4★41%)，蕾贝卡(风4★41%)，芙洛丽塔(光4★41%)，赛希莉亚(光4★41%)，莉洁儿(光4★41%)，厄莉(暗4★41%)，法露伽(暗4★41%)，玛格丽特(暗4★41%)，尤维尔(暗4★41%)，克劳斯(火3★68109%)，可莉娜(光3★68109%)，梅利露(暗3★68109%)"
700001,"カムバック扭蛋","2099-11-27 12:00:00","2199-12-31 23:59:59","艾可莉儿(火5★79%)，水善(火5★79%)，碧安卡(火5★79%)，花火(火5★79%)，米娅(火5★79%)，诺埃妮(火5★79%)，玛丽安(火5★79%)，亚美莉亚(水5★79%)，拉杰尔特(水5★79%)，艾莉亚(水5★79%)，塞拉(雷5★79%)，布茜(雷5★79%)，雷吉斯(雷5★79%)，贝尔赛蒂亚(雷5★79%)，伊路米(雷5★79%)，宗士郎(雷5★79%)，雷恩(风5★79%)，西微(风5★79%)，艾丝缇莉艾尔(风5★79%)，索妮雅(风5★79%)，凉风(风5★79%)，希尔媞(风5★79%)，奈芙提姆(光5★79%)，稻穗(光5★79%)，莉莉丝(光5★79%)，艾莉亚(光5★79%)，菲莉亚(光5★79%)，奈芙提姆(光5★79%)，稻穗(光5★79%)，赛吉尔(暗5★79%)，蒂妮(暗5★79%)，阿露姆(暗5★79%)，蒂亚(暗5★79%)，爱丽丝(暗5★79%)，阿赛尔(火4★28%)，特蕾涅(火4★28%)，璐璐卡(火4★28%)，白乃(水4★28%)，崔丝塔(水4★28%)，杰拉尔(水4★28%)，阿德尼(雷4★28%)，露娜露(雷4★28%)，奈丝卡(雷4★28%)，欧雷欧(雷4★28%)，蕾贝卡(风4★28%)，芙洛丽塔(光4★28%)，赛希莉亚(光4★28%)，莉洁儿(光4★28%)，厄莉(暗4★28%)，法露伽(暗4★28%)，玛格丽特(暗4★28%)，尤维尔(暗4★28%)，克劳斯(火3★146%)，可莉娜(光3★146%)，梅利露(暗3★146%)"
700002,"ComeBack扭蛋","2099-11-27 12:00:00","2199-12-31 23:59:59","艾可莉儿(火5★86%)，水善(火5★86%)，碧安卡(火5★86%)，花火(火5★86%)，米娅(火5★86%)，诺埃妮(火5★86%)，玛丽安(火5★86%)，谢胧(水5★86%)，亚美莉亚(水5★86%)，拉杰尔特(水5★86%)，艾莉亚(水5★86%)，赫尔加(雷5★86%)，塞拉(雷5★86%)，布茜(雷5★86%)，雷吉斯(雷5★86%)，贝尔赛蒂亚(雷5★86%)，伊路米(雷5★86%)，宗士郎(雷5★86%)，雷恩(风5★86%)，西微(风5★86%)，艾丝缇莉艾尔(风5★86%)，索妮雅(风5★86%)，凉风(风5★86%)，希尔媞(风5★86%)，莉菈(光5★86%)，奈芙提姆(光5★86%)，稻穗(光5★86%)，莉莉丝(光5★86%)，艾莉亚(光5★86%)，菲莉亚(光5★86%)，奈芙提姆(光5★86%)，稻穗(光5★86%)，拉芙(暗5★86%)，赛吉尔(暗5★86%)，蒂妮(暗5★86%)，阿露姆(暗5★86%)，蒂亚(暗5★86%)，爱丽丝(暗5★86%)，阿赛尔(火4★89%)，特蕾涅(火4★89%)，璐璐卡(火4★89%)，拉纳(水4★89%)，白乃(水4★89%)，崔丝塔(水4★89%)，杰拉尔(水4★89%)，阿德尼(雷4★89%)，露娜露(雷4★89%)，奈丝卡(雷4★89%)，欧雷欧(雷4★89%)，米尔米娜(风4★89%)，蕾贝卡(风4★89%)，芙洛丽塔(光4★89%)，赛希莉亚(光4★89%)，莉洁儿(光4★89%)，厄莉(暗4★89%)，法露伽(暗4★89%)，玛格丽特(暗4★89%)，尤维尔(暗4★89%)，克劳斯(火3★146%)，可莉娜(光3★146%)，梅利露(暗3★146%)"
700003,"ComeBack扭蛋","2099-11-27 12:00:00","2199-12-31 23:59:59","蕾缇希娅(火5★60%)，玛丽娜(火5★60%)，艾可莉儿(火5★60%)，水善(火5★60%)，碧安卡(火5★60%)，花火(火5★60%)，米娅(火5★60%)，诺埃妮(火5★60%)，玛丽安(火5★60%)，特拉埃蒂(水5★60%)，雷拉斯(水5★60%)，赛法(水5★60%)，谢胧(水5★60%)，亚美莉亚(水5★60%)，拉杰尔特(水5★60%)，艾莉亚(水5★60%)，白(雷5★60%)，赫尔加(雷5★60%)，塞拉(雷5★60%)，布茜(雷5★60%)，雷吉斯(雷5★60%)，贝尔赛蒂亚(雷5★60%)，伊路米(雷5★60%)，宗士郎(雷5★60%)，芙拉菲(风5★60%)，雷恩(风5★60%)，西微(风5★60%)，艾丝缇莉艾尔(风5★60%)，索妮雅(风5★60%)，凉风(风5★60%)，希尔媞(风5★60%)，涅特(光5★60%)，奥薇尔(光5★60%)，莉菈(光5★60%)，奈芙提姆(光5★60%)，稻穗(光5★60%)，莉莉丝(光5★60%)，艾莉亚(光5★60%)，菲莉亚(光5★60%)，奈芙提姆(光5★60%)，稻穗(光5★60%)，贝尔赛蒂亚(暗5★60%)，珂艾特(暗5★60%)，拉芙(暗5★60%)，赛吉尔(暗5★60%)，蒂妮(暗5★60%)，阿露姆(暗5★60%)，蒂亚(暗5★60%)，爱丽丝(暗5★60%)，蕾维(火4★91%)，阿赛尔(火4★91%)，特蕾涅(火4★91%)，璐璐卡(火4★91%)，拉纳(水4★91%)，白乃(水4★91%)，崔丝塔(水4★91%)，杰拉尔(水4★91%)，黑(雷4★91%)，阿德尼(雷4★91%)，露娜露(雷4★91%)，奈丝卡(雷4★91%)，欧雷欧(雷4★91%)，米尔米娜(风4★91%)，蕾贝卡(风4★91%)，菲勒斯(光4★91%)，芙洛丽塔(光4★91%)，赛希莉亚(光4★91%)，莉洁儿(光4★91%)，紫苑(暗4★91%)，厄莉(暗4★91%)，法露伽(暗4★91%)，玛格丽特(暗4★91%)，尤维尔(暗4★91%)，克劳斯(火3★146%)，可莉娜(光3★146%)，梅利露(暗3★146%)"
700004,"ComeBack扭蛋","2099-11-27 12:00:00","2199-12-31 23:59:59","托莉亚(火5★194%)，蕾缇希娅(火5★194%)，玛丽娜(火5★194%)，艾可莉儿(火5★194%)，水善(火5★194%)，碧安卡(火5★194%)，花火(火5★194%)，米娅(火5★194%)，诺埃妮(火5★194%)，玛丽安(火5★194%)，蒂亚(水5★194%)，贾斯媞(水5★194%)，特拉埃蒂(水5★194%)，雷拉斯(水5★194%)，赛法(水5★194%)，谢胧(水5★194%)，亚美莉亚(水5★194%)，拉杰尔特(水5★194%)，艾莉亚(水5★194%)，白(雷5★194%)，赫尔加(雷5★194%)，塞拉(雷5★194%)，布茜(雷5★194%)，雷吉斯(雷5★194%)，贝尔赛蒂亚(雷5★194%)，伊路米(雷5★194%)，宗士郎(雷5★194%)，休尔特(风5★194%)，芙拉菲(风5★194%)，雷恩(风5★194%)，西微(风5★194%)，艾丝缇莉艾尔(风5★194%)，索妮雅(风5★194%)，凉风(风5★194%)，希尔媞(风5★194%)，涅特(光5★194%)，奥薇尔(光5★194%)，莉菈(光5★194%)，奈芙提姆(光5★194%)，稻穗(光5★194%)，莉莉丝(光5★194%)，艾莉亚(光5★194%)，菲莉亚(光5★194%)，奈芙提姆(光5★194%)，稻穗(光5★194%)，里昂(暗5★194%)，丛云(暗5★194%)，贝尔赛蒂亚(暗5★194%)，珂艾特(暗5★194%)，拉芙(暗5★194%)，赛吉尔(暗5★194%)，蒂妮(暗5★194%)，阿露姆(暗5★194%)，蒂亚(暗5★194%)，爱丽丝(暗5★194%)，蕾维(火4★31%)，阿赛尔(火4★31%)，特蕾涅(火4★31%)，璐璐卡(火4★31%)，拉纳(水4★31%)，白乃(水4★31%)，崔丝塔(水4★31%)，杰拉尔(水4★31%)，黑(雷4★31%)，阿德尼(雷4★31%)，露娜露(雷4★31%)，奈丝卡(雷4★31%)，欧雷欧(雷4★31%)，米尔米娜(风4★31%)，蕾贝卡(风4★31%)，菲勒斯(光4★31%)，芙洛丽塔(光4★31%)，赛希莉亚(光4★31%)，莉洁儿(光4★31%)，紫苑(暗4★31%)，厄莉(暗4★31%)，法露伽(暗4★31%)，玛格丽特(暗4★31%)，尤维尔(暗4★31%)，克劳斯(火3★146%)，可莉娜(光3★146%)，梅利露(暗3★146%)"